position,bounciness,size,bucket
781,0.511968593,16,7
781,0.511968593,16,8
626,0.548770709,16,7
162,0.541335227,16,4
449,0.507201327,16,9
223,0.52287842,16,6
232,0.549262864,16,5
379,0.509795246,16,7
379,0.509795246,16,8
416,0.52224402,16,3
531,0.505675538,16,5
206,0.519590717,16,1
410,0.518258817,16,3
473,0.50417789,16,8
99,0.524766085,16,4
19,0.500977824,16,3
149,0.519135851,16,4
69,0.517993694,16,3
239,0.524178133,16,6
229,0.501421386,16,6
348,0.517028303,16,1
696,0.525070448,16,6
89,0.518228645,16,4
557,0.504929382,16,4
673,0.540003641,16,7
14,0.522119373,16,2
136,0.528304705,16,1
372,0.505040491,16,5
399,0.532725483,16,3
25,0.516669615,16,2
525,0.523497804,16,4
703,0.549582709,16,7
95,0.53696525,16,4
639,0.536729499,16,6
639,0.536729499,16,7
731,0.500381808,16,8
22,0.509310528,16,1
29,0.50492149,16,3
266,0.544341699,16,5
421,0.507074201,16,8
436,0.52803531,16,7
512,0.540377841,16,9
523,0.54485399,16,8
767,0.503086927,16,6
48,0.529736101,16,3
159,0.504029811,16,5
582,0.511749508,16,7
766,0.535062643,16,7
165,0.53318721,16,3
405,0.548840753,16,9
482,0.533996159,16,3
576,0.541749508,16,7
622,0.539525993,16,5
57,0.529627277,16,5
267,0.533392013,16,6
276,0.537740621,16,2
302,0.532518772,16,5
309,0.54212548,16,7
346,0.53275451,16,2
490,0.524810753,16,2
490,0.524810753,16,3
652,0.514421054,16,8
114,0.5284777,16,1
114,0.5284777,16,2
454,0.510736663,16,3
503,0.523223626,16,9
509,0.537673509,16,4
599,0.506959059,16,4
686,0.538353291,16,9
774,0.541341942,16,8
26,0.515916804,16,1
68,0.534608926,16,2
140,0.503569613,16,3
420,0.523137438,16,3
442,0.528255617,16,7
580,0.524683197,16,8
761,0.541971142,16,9
35,0.545944853,16,2
158,0.501229082,16,4
161,0.536640849,16,1
236,0.508631634,16,3
304,0.507843668,16,6
455,0.5484004,16,5
486,0.527241388,16,3
589,0.500855724,16,10
669,0.511832471,16,5
690,0.516315945,16,7
697,0.513525881,16,10
724,0.54723541,16,8
735,0.547622141,16,8
226,0.531007243,16,3
231,0.536357005,16,1
235,0.536687129,16,6
433,0.511476382,16,3
651,0.520600172,16,8
733,0.537779194,16,9
62,0.537173394,16,2
146,0.505145352,16,2
195,0.536340362,16,3
495,0.533524431,16,8
515,0.536750219,16,10
521,0.518439276,16,6
633,0.549264517,16,6
739,0.511505358,16,6
169,0.516603378,16,6
301,0.529579254,16,3
336,0.545281539,16,6
422,0.505782982,16,6
480,0.500343959,16,5
646,0.542961533,16,8
649,0.536845872,16,7
721,0.500161645,16,9
721,0.500161645,16,10
723,0.547863274,16,8
87,0.524561582,16,1
254,0.503746496,16,6
289,0.517581731,16,7
550,0.501219446,16,5
617,0.52294739,16,9
661,0.500969388,16,10
728,0.517381632,16,8
20,0.532091566,16,3
67,0.543373029,16,1
299,0.504858746,16,7
341,0.545497383,16,8
374,0.500514581,16,6
376,0.546248455,16,4
400,0.507476804,16,6
445,0.515517983,16,9
457,0.503048662,16,3
604,0.534942617,16,10
630,0.514759616,16,6
698,0.503839214,16,5
718,0.515889204,16,8
50,0.504590077,16,3
178,0.505212607,16,2
225,0.549249166,16,4
347,0.542260692,16,4
384,0.515671197,16,4
406,0.548096985,16,9
494,0.54323735,16,6
634,0.520659474,16,9
715,0.522119094,16,10
11,0.536231193,16,1
85,0.500237437,16,4
199,0.508186881,16,2
234,0.532937535,16,5
261,0.518688407,16,2
333,0.509560573,16,8
413,0.528636162,16,5
432,0.517137468,16,8
477,0.528557185,16,10
595,0.513164548,16,5
44,0.532861257,16,1
92,0.526313204,16,2
135,0.506905369,16,1
381,0.516195374,16,7
516,0.511993418,16,7
546,0.531408798,16,9
654,0.514077286,16,10
730,0.547627608,16,6
91,0.510065034,16,1
91,0.510065034,16,2
101,0.506907555,16,4
187,0.529930833,16,1
194,0.537198019,16,2
244,0.538853315,16,2
545,0.500696881,16,10
672,0.52294155,16,7
748,0.527495268,16,9
784,0.546726291,16,10
21,0.520238893,16,1
70,0.52698614,16,2
156,0.51431729,16,5
233,0.500959439,16,5
241,0.530348486,16,4
277,0.543498857,16,3
285,0.527457855,16,2
310,0.528813618,16,6
335,0.53688383,16,7
345,0.546525336,16,3
356,0.545660948,16,1
388,0.50213431,16,2
483,0.543009536,16,5
485,0.509003767,16,5
544,0.520286284,16,8
596,0.526047912,16,9
664,0.521979741,16,6
670,0.506871819,16,7
722,0.505986754,16,8
200,0.514959628,16,2
279,0.539368431,16,3
311,0.503588138,16,7
441,0.510536909,16,6
453,0.545875041,16,6
459,0.53672658,16,6
472,0.516033638,16,6
620,0.519827732,16,6
729,0.509673662,16,10
3,0.515277204,16,2
5,0.525114662,16,1
137,0.525031962,16,1
212,0.548892345,16,4
220,0.549781653,16,5
313,0.50648376,16,6
366,0.533369926,16,5
375,0.531293935,16,7
487,0.526224948,16,5
549,0.548289397,16,5
575,0.547832426,16,7
6,0.530561162,16,3
83,0.522520771,16,4
109,0.530967654,16,2
129,0.545010068,16,2
203,0.5474553,16,1
208,0.501428727,16,1
228,0.54938554,16,3
245,0.515014653,16,2
272,0.530028587,16,5
305,0.534718572,16,5
338,0.513885479,16,3
394,0.500999215,16,5
438,0.510858775,16,8
491,0.515551093,16,7
502,0.549292211,16,8
559,0.513720989,16,6
590,0.514308839,16,8
666,0.512080013,16,6
705,0.511329315,16,7
769,0.520026921,16,9
2,0.537578039,16,4
13,0.525625412,16,3
56,0.534557683,16,2
128,0.517239935,16,3
193,0.537569239,16,4
214,0.503612381,16,3
404,0.50927434,16,9
407,0.539764757,16,8
474,0.548599597,16,6
533,0.526705504,16,6
534,0.532292249,16,7
555,0.547638954,16,5
586,0.538279203,16,7
628,0.54128978,16,7
653,0.542529596,16,10
687,0.532717405,16,10
725,0.537550515,16,10
747,0.530597199,16,8
32,0.547153686,16,1
55,0.502985659,16,4
66,0.533430177,16,2
88,0.531677933,16,1
106,0.513444216,16,2
127,0.537381009,16,6
315,0.541729385,16,5
355,0.500834978,16,3
450,0.507059406,16,6
461,0.500667242,16,3
497,0.548283554,16,6
520,0.547841629,16,4
619,0.530191795,16,8
623,0.542042015,16,7
665,0.511716646,16,7
699,0.510922768,16,8
719,0.516691635,16,8
760,0.520774352,16,10
10,0.518056622,16,3
15,0.510649977,16,2
30,0.505398852,16,1
170,0.509113399,16,2
175,0.50437299,16,2
284,0.523263963,16,6
342,0.53209561,16,2
415,0.530686183,16,7
448,0.539581342,16,6
467,0.531495086,16,4
519,0.542324346,16,10
51,0.504890872,16,1
76,0.52154468,16,1
98,0.508041229,16,1
108,0.508317163,16,2
130,0.527594464,16,1
150,0.542319103,16,4
160,0.548335458,16,2
349,0.524684707,16,1
412,0.502018226,16,9
489,0.517943723,16,3
547,0.526736508,16,10
638,0.530522885,16,10
660,0.508848706,16,7
660,0.508848706,16,8
96,0.525730771,16,1
139,0.535010474,16,1
157,0.519432768,16,4
167,0.511082666,16,4
393,0.506027244,16,8
548,0.516370568,16,8
556,0.51111056,16,6
585,0.540986647,16,9
592,0.509504769,16,10
609,0.53953082,16,5
662,0.502691368,16,10
680,0.521505902,16,10
770,0.50786357,16,7
142,0.549936059,16,4
171,0.513371068,16,1
213,0.514253599,16,1
270,0.533615694,16,2
369,0.531659396,16,3
386,0.542705479,16,8
435,0.513680586,16,7
451,0.505224504,16,9
456,0.51415238,16,3
511,0.509167714,16,8
554,0.505067935,16,7
558,0.523579661,16,5
568,0.511945589,16,8
581,0.5012918,16,9
636,0.524921551,16,6
659,0.522489344,16,10
710,0.52793885,16,9
765,0.532082108,16,10
36,0.530821966,16,3
59,0.536427925,16,2
145,0.536415847,16,2
168,0.53921093,16,3
210,0.504580137,16,2
218,0.503562206,16,2
265,0.506456679,16,5
332,0.531142108,16,3
468,0.526183741,16,6
518,0.520116504,16,7
526,0.545965481,16,5
529,0.529538904,16,3
543,0.514031253,16,10
566,0.540416622,16,8
104,0.503300167,16,2
110,0.510696255,16,1
117,0.546756008,16,3
117,0.546756008,16,4
147,0.516444968,16,1
163,0.517806068,16,6
216,0.500520511,16,1
258,0.545260332,16,6
331,0.521129317,16,3
446,0.506093385,16,6
447,0.546942928,16,7
460,0.522201313,16,4
593,0.532868774,16,10
601,0.505653771,16,7
611,0.544495683,16,9
613,0.511893635,16,9
9,0.513248834,16,2
54,0.530744678,16,1
58,0.543208959,16,2
64,0.523910296,16,1
94,0.531551896,16,4
133,0.542717977,16,1
174,0.542630142,16,2
176,0.533912763,16,2
183,0.522174248,16,2
191,0.505484569,16,2
278,0.547714297,16,1
282,0.519741776,16,3
306,0.504836949,16,4
362,0.51996443,16,7
418,0.52537491,16,3
443,0.512033879,16,9
488,0.547116084,16,3
561,0.538294848,16,10
565,0.521487155,16,8
624,0.520865439,16,9
645,0.520543453,16,8
684,0.534893776,16,7
695,0.531613766,16,8
738,0.549766047,16,9
12,0.549977976,16,2
24,0.519741285,16,2
46,0.549462119,16,1
65,0.524854917,16,2
143,0.525406939,16,2
204,0.53609696,16,2
260,0.526718177,16,4
263,0.535134597,16,6
303,0.531825147,16,6
308,0.526373707,16,7
324,0.515907506,16,5
397,0.536887753,16,6
476,0.527792296,16,7
607,0.505619566,16,6
615,0.525829311,16,9
615,0.525829311,16,10
625,0.535103638,16,8
726,0.528195935,16,9
60,0.520664069,16,2
115,0.50255987,16,2
164,0.546664348,16,4
224,0.544056608,16,2
237,0.508208365,16,5
246,0.507456094,16,2
322,0.539771119,16,4
365,0.535063672,16,5
380,0.537455861,16,5
385,0.537441498,16,6
425,0.547499601,16,5
469,0.529468624,16,7
524,0.505441823,16,5
552,0.51256171,16,8
570,0.513801232,16,9
584,0.544400185,16,10
627,0.543311429,16,9
635,0.532520972,16,7
644,0.538514166,16,8
647,0.547939232,16,10
650,0.502860703,16,9
674,0.51091029,16,10
683,0.524302867,16,9
744,0.501470003,16,7
754,0.518247702,16,10
38,0.549148275,16,1
77,0.548086944,16,1
124,0.540504899,16,2
166,0.541056521,16,1
172,0.501814952,16,4
205,0.538859954,16,3
251,0.519236586,16,5
287,0.541050381,16,4
325,0.525672618,16,3
387,0.507737759,16,2
417,0.549447307,16,6
444,0.53667333,16,7
462,0.542333906,16,8
475,0.505468217,16,9
513,0.512127615,16,9
514,0.541415078,16,9
578,0.533637633,16,9
682,0.510277073,16,10
707,0.511946343,16,9
732,0.53915788,16,9
27,0.541794893,16,2
80,0.502517393,16,1
138,0.532911318,16,1
182,0.526075909,16,2
219,0.523890935,16,3
238,0.507050688,16,3
327,0.502644833,16,3
340,0.501716029,16,3
359,0.508497448,16,6
363,0.503009436,16,5
371,0.518907705,16,4
583,0.520511698,16,10
614,0.508690405,16,9
677,0.51518412,16,7
694,0.521733135,16,10
737,0.546453237,16,10
16,0.512804435,16,3
16,0.512804435,16,4
34,0.547141375,16,2
209,0.535236597,16,2
268,0.50841212,16,5
281,0.517026175,16,5
307,0.507484598,16,4
398,0.538734588,16,6
439,0.505342074,16,6
464,0.546711281,16,2
478,0.512573114,16,6
567,0.505826631,16,4
577,0.53579601,16,10
111,0.546819819,16,1
123,0.501583094,16,4
217,0.508152368,16,3
283,0.547931637,16,2
290,0.537112085,16,6
298,0.543043366,16,6
353,0.530881241,16,6
357,0.517545422,16,4
458,0.544166866,16,8
541,0.505423944,16,7
632,0.503666321,16,9
658,0.52632279,16,9
708,0.542301979,16,9
753,0.541969534,16,10
17,0.504261401,16,2
28,0.514110878,16,5
126,0.525497013,16,4
131,0.548042091,16,5
144,0.549263639,16,2
188,0.5127928,16,1
294,0.54437139,16,3
314,0.544121222,16,1
334,0.519409072,16,5
414,0.501160002,16,4
427,0.512421723,16,5
479,0.547035937,16,6
629,0.522497623,16,4
631,0.529809703,16,8
655,0.523045014,16,9
685,0.506186603,16,9
709,0.534702283,16,8
727,0.540072275,16,10
763,0.546771231,16,10
776,0.51949702,16,9
778,0.534234387,16,10
31,0.549664524,16,2
141,0.547458372,16,4
153,0.508040138,16,4
215,0.521132391,16,3
247,0.532246032,16,3
249,0.53007211,16,1
269,0.529171753,16,2
292,0.542667576,16,5
300,0.529250631,16,5
364,0.530053352,16,7
553,0.530402084,16,7
608,0.527279956,16,8
656,0.52984426,16,8
764,0.502453578,16,9
18,0.541989919,16,1
23,0.540710787,16,2
78,0.50525689,16,3
113,0.544490257,16,2
227,0.534120425,16,5
243,0.514571334,16,2
253,0.542128535,16,3
323,0.520992142,16,3
378,0.548064599,16,6
408,0.518488708,16,4
411,0.53721291,16,7
463,0.539081598,16,6
507,0.54844044,16,9
527,0.517429537,16,7
563,0.500996787,16,5
621,0.531977431,16,9
621,0.531977431,16,10
741,0.540308634,16,10
49,0.514403176,16,1
152,0.54572205,16,5
240,0.534581262,16,2
273,0.502840719,16,1
288,0.541176847,16,5
297,0.514190795,16,3
350,0.547199431,16,3
352,0.530782386,16,6
391,0.530253601,16,5
419,0.505187902,16,1
500,0.506691688,16,9
594,0.544571996,16,4
598,0.509708327,16,6
663,0.524025077,16,10
691,0.503269457,16,8
734,0.543929862,16,6
39,0.512805314,16,3
75,0.545406605,16,1
112,0.518820433,16,2
132,0.539832992,16,3
257,0.506724448,16,2
312,0.540151465,16,3
330,0.540594172,16,2
358,0.504404212,16,5
368,0.515674487,16,7
423,0.534023813,16,7
499,0.502219161,16,8
522,0.507547028,16,6
588,0.547767322,16,7
618,0.534905817,16,10
657,0.537339931,16,10
675,0.541149053,16,9
702,0.535644509,16,9
43,0.54799289,16,2
86,0.502263242,16,4
102,0.544450871,16,2
125,0.538228078,16,2
207,0.52975675,16,2
248,0.546581655,16,1
264,0.510189259,16,6
274,0.520057948,16,4
275,0.527406355,16,3
316,0.525455708,16,5
370,0.506305333,16,5
373,0.519115036,16,8
424,0.52838412,16,3
430,0.503615745,16,5
517,0.50400872,16,7
564,0.517537167,16,7
571,0.531602425,16,8
637,0.530108094,16,8
678,0.536952846,16,9
681,0.539620934,16,10
693,0.544556697,16,8
743,0.54617491,16,8
750,0.542404848,16,9
777,0.525838191,16,7
779,0.503510098,16,9
783,0.547563293,16,9
47,0.531656461,16,2
90,0.500476201,16,4
255,0.54797221,16,4
280,0.547406724,16,3
339,0.51553887,16,3
401,0.542590443,16,8
429,0.521731428,16,7
600,0.540260734,16,9
689,0.52827936,16,7
720,0.511605916,16,9
755,0.521114014,16,7
775,0.542930499,16,8
780,0.522295252,16,8
785,0.517526506,16,10
93,0.52369491,16,3
100,0.503639166,16,2
321,0.519821036,16,4
409,0.531550719,16,4
505,0.544633757,16,10
539,0.526354753,16,7
579,0.545898312,16,8
648,0.515789958,16,10
704,0.526912307,16,6
45,0.529324774,16,2
61,0.525886284,16,4
79,0.530070782,16,3
84,0.512151751,16,2
177,0.524181644,16,1
202,0.524868632,16,4
293,0.540936064,16,5
367,0.508730398,16,5
383,0.526656293,16,5
493,0.538193752,16,6
504,0.501557146,16,7
508,0.506618727,16,8
771,0.536999041,16,10
119,0.521926741,16,1
155,0.536291661,16,4
185,0.500239274,16,3
201,0.549598687,16,5
230,0.500302365,16,4
337,0.503994882,16,7
395,0.504399997,16,6
481,0.536698093,16,7
506,0.518524618,16,6
528,0.521036788,16,8
536,0.518330996,16,9
574,0.541986229,16,6
591,0.52296126,16,8
768,0.500749301,16,7
40,0.530938707,16,1
41,0.520835676,16,2
53,0.52054933,16,2
73,0.524440413,16,2
250,0.53121495,16,4
392,0.523958171,16,3
426,0.54912212,16,2
496,0.519580362,16,7
498,0.502524354,16,5
603,0.508368716,16,7
667,0.547047969,16,8
706,0.532396449,16,8
772,0.529356938,16,9
107,0.517563845,16,1
122,0.526464238,16,4
154,0.533360582,16,3
179,0.541030399,16,2
252,0.543887446,16,2
271,0.530735198,16,5
319,0.546892401,16,4
329,0.523490164,16,5
343,0.517855691,16,2
434,0.501144034,16,8
700,0.533875358,16,9
714,0.527328351,16,9
758,0.51131086,16,9
71,0.541222892,16,3
118,0.521431832,16,2
262,0.534295573,16,2
501,0.522110359,16,7
530,0.548260244,16,5
597,0.524301756,16,6
640,0.505745621,16,8
8,0.534586572,16,1
103,0.512694174,16,2
259,0.505903435,16,2
286,0.535396249,16,2
320,0.518707834,16,5
389,0.545924013,16,4
471,0.54976897,16,8
569,0.531189757,16,7
717,0.514262876,16,8
72,0.514971256,16,2
105,0.539582087,16,1
242,0.548025387,16,2
295,0.519855481,16,9
354,0.527013096,16,2
382,0.511601074,16,8
403,0.549023044,16,5
452,0.507458099,16,5
616,0.526216617,16,10
97,0.521525813,16,1
189,0.531141597,16,2
222,0.530154396,16,5
344,0.508212021,16,6
431,0.525441238,16,6
679,0.548254895,16,10
736,0.540641142,16,10
745,0.527135919,16,8
759,0.546111607,16,8
63,0.526495648,16,1
538,0.513138825,16,5
642,0.545080759,16,9
701,0.527799507,16,9
716,0.518708886,16,8
773,0.529221421,16,9
37,0.535932728,16,3
184,0.529760779,16,6
351,0.525841764,16,5
437,0.51233006,16,7
537,0.506004036,16,6
610,0.526391407,16,10
688,0.548350186,16,10
711,0.526642737,16,10
4,0.528721871,16,2
33,0.52323153,16,2
116,0.549788191,16,4
390,0.532442986,16,6
465,0.537896045,16,8
492,0.54407867,16,5
535,0.505277613,16,6
572,0.533349227,16,7
151,0.531575932,16,3
173,0.502392722,16,2
612,0.537874463,16,8
612,0.537874463,16,9
676,0.545074776,16,10
713,0.521352024,16,10
751,0.513961163,16,8
121,0.509482299,16,2
148,0.523730628,16,2
291,0.545207516,16,2
326,0.547571503,16,3
510,0.539257046,16,7
573,0.527005305,16,8
668,0.528054226,16,7
74,0.544986611,16,2
192,0.543369106,16,6
198,0.540496268,16,3
211,0.514749316,16,4
318,0.527123746,16,2
377,0.532852779,16,4
712,0.532697289,16,9
749,0.500945923,16,8
82,0.535234742,16,1
134,0.517375867,16,3
196,0.530494933,16,5
7,0.536988182,16,2
361,0.521046609,16,7
602,0.545718514,16,9
752,0.548209116,16,10
360,0.519544206,16,6
605,0.513702898,16,7
782,0.507478599,16,10
296,0.543411746,16,4
742,0.530177177,16,9
42,0.508357051,16,2
186,0.514295473,16,2
317,0.536052602,16,3
440,0.518209047,16,9
532,0.546612604,16,9
190,0.511910055,16,4
402,0.532273588,16,5
560,0.536053611,16,7
740,0.548422766,16,8
746,0.526035541,16,10
328,0.510560129,16,3
484,0.516536828,16,7
671,0.538455249,16,8
470,0.54845802,16,8
52,0.536971427,16,2
1,0.534621908,16,2
81,0.534171088,16,1
181,0.54938564,16,1
587,0.540946511,16,7
641,0.527124221,16,9
197,0.506398789,16,4
428,0.508511941,16,6
540,0.541147679,16,9
762,0.508859651,16,10
757,0.549154324,16,10
466,0.506678294,16,7
180,0.527416742,16,2
643,0.541641166,16,10
120,0.510147908,16,2
256,0.51668721,16,4
542,0.543688677,16,9
692,0.509110641,16,8
756,0.54946872,16,10
396,0.510552116,16,4
221,0.543630572,16,1
551,0.509633785,16,9
606,0.54289703,16,6
562,0.535523565,16,9
265,0.5175078,16,7
166,0.520791445,16,3
792,0.546720618,16,7
792,0.546720618,16,8
724,0.514972375,16,8
724,0.514972375,16,9
335,0.547475468,16,8
379,0.524792415,16,8
29,0.510832838,16,3
372,0.515331189,16,5
785,0.539631292,16,8
791,0.500278858,16,7
454,0.519404407,16,3
781,0.539658,16,8
150,0.533006318,16,4
292,0.508968873,16,7
69,0.518560305,16,3
412,0.540730733,16,2
768,0.546637831,16,7
5,0.500284401,16,3
556,0.524145076,16,4
6,0.549158702,16,4
232,0.545952923,16,5
239,0.508536361,16,6
55,0.549002848,16,4
234,0.510792273,16,5
451,0.549272334,16,5
407,0.541338306,16,9
514,0.510616829,16,8
419,0.519760633,16,2
516,0.517316204,16,7
652,0.540713773,16,10
671,0.544331799,16,7
206,0.517711408,16,1
374,0.504314287,16,7
441,0.526659538,16,6
449,0.516035905,16,9
486,0.527396967,16,3
512,0.511232222,16,7
579,0.512084807,16,6
734,0.51759705,16,6
788,0.548546022,16,7
788,0.548546022,16,8
19,0.503056685,16,3
70,0.514484737,16,3
89,0.5103243,16,1
546,0.519225106,16,10
94,0.512600282,16,3
94,0.512600282,16,4
415,0.512856769,16,5
439,0.512128125,16,4
587,0.529647303,16,5
696,0.523555744,16,6
718,0.528772542,16,8
22,0.521460264,16,2
68,0.541415938,16,2
162,0.513297032,16,2
626,0.530580989,16,5
700,0.526078064,16,6
716,0.54217572,16,9
20,0.512336931,16,3
42,0.547339634,16,4
153,0.500477809,16,1
156,0.54025986,16,2
230,0.512527377,16,6
244,0.515497527,16,3
369,0.504733723,16,8
440,0.513944175,16,7
442,0.523536946,16,7
550,0.524274387,16,5
611,0.52027947,16,7
616,0.539013741,16,10
72,0.526776596,16,3
136,0.539027253,16,2
149,0.519673333,16,4
184,0.504509498,16,4
446,0.522907252,16,5
595,0.502879236,16,5
690,0.537117796,16,7
130,0.513990662,16,2
194,0.514220652,16,5
299,0.501610257,16,7
347,0.504419523,16,1
582,0.542082393,16,9
585,0.516150684,16,10
37,0.527720095,16,4
37,0.527720095,16,5
169,0.518289604,16,5
557,0.518673645,16,8
583,0.522042037,16,9
588,0.503494072,16,10
661,0.531085803,16,8
92,0.530280672,16,3
161,0.539622509,16,1
634,0.509789324,16,5
773,0.524723625,16,7
14,0.535228452,16,2
121,0.520739146,16,1
145,0.52733608,16,1
176,0.519648895,16,3
254,0.531984306,16,3
435,0.504983745,16,7
547,0.52532088,16,10
563,0.506656358,16,8
575,0.501024275,16,10
617,0.547925853,16,10
650,0.524989299,16,9
11,0.518177843,16,1
99,0.529796116,16,1
187,0.50763109,16,1
274,0.548578809,16,4
287,0.523741409,16,1
346,0.535598853,16,1
477,0.513696369,16,8
589,0.504250287,16,9
656,0.514008951,16,8
699,0.51633532,16,6
62,0.538006992,16,3
98,0.502646847,16,3
271,0.52011627,16,6
285,0.538806837,16,3
438,0.502442838,16,6
558,0.512175723,16,3
632,0.523995452,16,10
635,0.51088619,16,6
760,0.533046552,16,8
10,0.504813145,16,2
60,0.538794918,16,1
245,0.52142702,16,1
277,0.510841819,16,1
349,0.524396169,16,1
349,0.524396169,16,2
413,0.502367653,16,3
509,0.500280826,16,8
318,0.502469142,16,2
319,0.548096312,16,5
401,0.529159868,16,4
526,0.503638132,16,5
562,0.513086919,16,10
599,0.513498085,16,5
725,0.531470661,16,10
21,0.547214983,16,2
44,0.52768611,16,2
210,0.51640362,16,2
301,0.507340328,16,4
302,0.532480137,16,5
340,0.506863016,16,4
356,0.523809179,16,2
429,0.517759457,16,9
459,0.532751655,16,4
480,0.514845496,16,5
789,0.526703166,16,10
251,0.516182998,16,6
264,0.525378984,16,5
304,0.519198685,16,6
321,0.54470572,16,2
336,0.501799956,16,8
371,0.522830151,16,5
403,0.512358407,16,8
604,0.516577555,16,7
651,0.516454775,16,10
722,0.546367582,16,9
770,0.516066164,16,6
35,0.547586876,16,2
142,0.511631577,16,4
165,0.535337117,16,3
200,0.540728939,16,1
282,0.515560775,16,4
313,0.529148041,16,8
404,0.515800188,16,5
475,0.508157944,16,8
581,0.510451805,16,8
628,0.514629496,16,5
685,0.547669074,16,9
138,0.519562904,16,1
300,0.507064168,16,3
338,0.526560239,16,4
418,0.500459551,16,2
474,0.541267735,16,5
570,0.506113209,16,7
621,0.502584366,16,6
697,0.513156637,16,10
706,0.51196675,16,7
766,0.503361126,16,8
775,0.535041929,16,9
56,0.521240975,16,4
211,0.535473519,16,3
216,0.52586324,16,1
386,0.538723713,16,7
473,0.515190767,16,9
476,0.503146624,16,10
485,0.507791792,16,5
576,0.502449893,16,9
658,0.544455283,16,9
665,0.541473325,16,9
681,0.516634749,16,7
726,0.53581727,16,9
15,0.522588856,16,2
90,0.503779362,16,3
95,0.546952972,16,1
182,0.549223834,16,4
208,0.52460231,16,2
354,0.502627359,16,3
366,0.514151584,16,8
375,0.535953456,16,6
405,0.514008852,16,9
417,0.524747732,16,4
482,0.500830304,16,10
496,0.548939847,16,3
645,0.521450482,16,10
18,0.506054725,16,2
96,0.513051309,16,1
171,0.548873597,16,1
257,0.530964624,16,2
276,0.542216184,16,1
305,0.531496904,16,6
341,0.539079162,16,6
381,0.548523556,16,4
495,0.508026833,16,5
552,0.503758129,16,8
669,0.50065412,16,6
712,0.537463065,16,9
735,0.548566241,16,9
113,0.546395093,16,1
152,0.516135935,16,5
267,0.527245136,16,8
270,0.505553968,16,4
272,0.534838333,16,1
284,0.517646354,16,3
314,0.519625974,16,3
394,0.503360653,16,5
408,0.530232341,16,4
420,0.514391889,16,2
466,0.526863578,16,8
494,0.546572132,16,6
539,0.512901987,16,7
543,0.518600404,16,5
593,0.546193299,16,10
644,0.537189777,16,9
738,0.513614215,16,10
67,0.546025709,16,2
91,0.501668102,16,2
126,0.542565638,16,5
222,0.546528551,16,3
273,0.516732862,16,3
344,0.541766462,16,2
410,0.548617504,16,6
483,0.547848438,16,5
489,0.540354277,16,6
493,0.521050222,16,8
591,0.533723217,16,8
631,0.539983092,16,9
674,0.53450311,16,7
27,0.54626775,16,1
65,0.519455429,16,2
74,0.548656104,16,2
167,0.519405966,16,3
345,0.526734854,16,3
402,0.536271289,16,3
522,0.510654701,16,8
525,0.546540852,16,6
549,0.500372608,16,6
566,0.543907317,16,4
640,0.541134744,16,10
643,0.521804715,16,9
654,0.531305852,16,10
668,0.52052597,16,7
673,0.505854138,16,10
702,0.51733656,16,8
730,0.52228921,16,7
755,0.543874666,16,7
765,0.519653548,16,9
787,0.541714645,16,9
131,0.501476211,16,1
164,0.524108557,16,5
170,0.508769179,16,1
190,0.543994085,16,3
209,0.536878367,16,2
428,0.542701209,16,3
452,0.544369039,16,6
464,0.540526599,16,6
515,0.528329506,16,9
559,0.507259807,16,6
612,0.530357692,16,7
642,0.501876664,16,10
684,0.523652208,16,10
705,0.50992831,16,7
707,0.518982416,16,8
739,0.53298377,16,6
740,0.528304979,16,6
753,0.535210652,16,10
754,0.500739781,16,10
1,0.522981053,16,4
57,0.501598436,16,4
104,0.508632462,16,1
207,0.527209007,16,2
309,0.529405641,16,3
309,0.529405641,16,4
343,0.542964542,16,3
416,0.504666319,16,3
455,0.511518082,16,4
488,0.529938974,16,4
521,0.539803746,16,8
625,0.546377817,16,7
728,0.511053918,16,10
2,0.509906673,16,1
25,0.548597167,16,2
102,0.505459937,16,3
123,0.523804807,16,3
198,0.517440749,16,3
253,0.505894167,16,7
310,0.530461646,16,3
357,0.518963704,16,3
423,0.532695271,16,6
436,0.520852485,16,8
501,0.511790221,16,7
508,0.514810899,16,7
572,0.518123804,16,9
598,0.540308215,16,7
608,0.547721337,16,9
622,0.517773052,16,9
623,0.54010675,16,7
663,0.504986046,16,9
776,0.512985928,16,8
4,0.543403626,16,2
24,0.532193456,16,3
93,0.529468528,16,3
231,0.529275761,16,2
236,0.546293374,16,2
241,0.518198942,16,5
312,0.509914557,16,7
359,0.50134037,16,6
425,0.538752553,16,5
444,0.526523521,16,8
478,0.512628826,16,6
497,0.525886198,16,3
538,0.52327272,16,7
590,0.528772353,16,9
594,0.500209134,16,4
613,0.517740781,16,10
689,0.526983099,16,9
16,0.522042611,16,1
31,0.523179103,16,1
71,0.529149987,16,4
86,0.526897201,16,2
135,0.517120319,16,4
158,0.543766019,16,2
240,0.539780135,16,2
308,0.527377292,16,6
308,0.527377292,16,7
337,0.547288652,16,7
399,0.518048393,16,5
504,0.536212796,16,5
646,0.503010742,16,10
666,0.522515094,16,10
701,0.500708859,16,9
714,0.543805169,16,9
721,0.524333168,16,10
723,0.537656352,16,10
767,0.511706628,16,8
790,0.540377307,16,10
45,0.541075003,16,3
143,0.54891309,16,2
181,0.53676979,16,1
214,0.524778205,16,1
220,0.501518196,16,4
365,0.51250007,16,8
450,0.528813147,16,8
502,0.523305296,16,8
586,0.544730503,16,9
592,0.539074036,16,7
602,0.52794371,16,6
624,0.504867269,16,7
704,0.521521977,16,9
763,0.514653047,16,10
7,0.548423354,16,1
111,0.521755242,16,1
141,0.503339867,16,3
147,0.504112015,16,2
283,0.515650181,16,3
286,0.532743647,16,2
307,0.536873191,16,4
311,0.517576501,16,7
348,0.504205337,16,1
350,0.548740866,16,3
352,0.531663228,16,7
382,0.500357085,16,6
388,0.549448513,16,4
427,0.500175837,16,2
461,0.505397272,16,5
564,0.507379107,16,7
569,0.523939795,16,8
664,0.507193956,16,7
752,0.523151695,16,10
764,0.503579745,16,10
34,0.524707807,16,3
39,0.535894199,16,4
66,0.524674593,16,2
114,0.523456706,16,5
159,0.535523244,16,3
163,0.545198617,16,5
172,0.526066737,16,5
235,0.545441548,16,5
275,0.533332258,16,2
316,0.521941657,16,5
411,0.516602967,16,7
447,0.523524511,16,6
511,0.519875856,16,6
524,0.537490679,16,6
544,0.508151241,16,8
545,0.506633054,16,9
603,0.541047891,16,8
655,0.546423444,16,10
688,0.504663156,16,8
729,0.547482055,16,10
731,0.541677069,16,10
786,0.50497095,16,8
26,0.525484832,16,1
28,0.507739501,16,1
73,0.540260734,16,2
266,0.521688693,16,7
269,0.529788005,16,2
289,0.502628706,16,6
363,0.503201996,16,4
426,0.543525164,16,2
519,0.528822444,16,8
540,0.519942304,16,9
540,0.519942304,16,10
553,0.523893649,16,5
615,0.513136614,16,10
660,0.543503974,16,6
751,0.509284293,16,8
778,0.539291847,16,9
12,0.523866407,16,2
61,0.526424937,16,4
100,0.546361549,16,2
125,0.51593825,16,6
238,0.507786854,16,2
278,0.538090454,16,1
303,0.510322009,16,5
320,0.532018446,16,6
445,0.510735184,16,9
619,0.505680407,16,7
619,0.505680407,16,8
629,0.547719846,16,7
633,0.516819741,16,8
636,0.526761436,16,6
637,0.535491477,16,8
693,0.513338792,16,10
695,0.548704977,16,10
747,0.511976924,16,7
750,0.502601119,16,9
774,0.527037411,16,8
23,0.519718736,16,3
64,0.525581262,16,2
106,0.505887529,16,3
115,0.547216351,16,3
128,0.513669732,16,2
196,0.526061,16,4
226,0.51864507,16,4
279,0.530853129,16,1
330,0.521056205,16,5
334,0.537804554,16,3
393,0.546194882,16,4
596,0.515107593,16,6
79,0.535258166,16,1
110,0.523932102,16,2
124,0.51843628,16,2
157,0.548915731,16,4
203,0.52310357,16,1
227,0.536170194,16,5
228,0.524025663,16,4
249,0.506729058,16,1
268,0.50631248,16,4
327,0.503527596,16,1
360,0.547433072,16,7
368,0.51900595,16,6
384,0.534454758,16,5
469,0.532898599,16,6
561,0.505509816,16,9
567,0.503325475,16,4
573,0.511854456,16,4
672,0.518507867,16,9
679,0.50632753,16,7
691,0.513989709,16,10
719,0.513025178,16,9
33,0.500789609,16,2
43,0.532220741,16,1
80,0.542037285,16,3
108,0.502400838,16,2
140,0.51130322,16,2
144,0.547976304,16,2
195,0.509825075,16,4
213,0.505477014,16,2
229,0.535530313,16,4
242,0.525232373,16,3
315,0.534832246,16,2
317,0.51684111,16,5
324,0.514282571,16,6
331,0.542893372,16,5
387,0.526075392,16,5
389,0.513120949,16,3
430,0.512142098,16,8
492,0.518795424,16,5
551,0.52655267,16,10
578,0.520400038,16,10
580,0.53758288,16,7
630,0.532920691,16,7
630,0.532920691,16,8
659,0.542502284,16,9
715,0.529149174,16,10
733,0.548937651,16,9
742,0.528913457,16,9
8,0.541492026,16,1
109,0.513886102,16,4
118,0.512429968,16,2
160,0.502845624,16,2
215,0.523573287,16,2
248,0.543435275,16,4
351,0.544331289,16,6
422,0.502007475,16,7
500,0.539389471,16,7
506,0.506226454,16,9
530,0.524918574,16,5
601,0.519872107,16,8
618,0.536394406,16,8
653,0.540463911,16,9
653,0.540463911,16,10
662,0.506698425,16,9
686,0.542129249,16,10
49,0.549296942,16,2
76,0.54119173,16,2
139,0.528954647,16,2
177,0.546909877,16,3
186,0.530184846,16,5
252,0.526229432,16,3
290,0.515131117,16,4
306,0.54162248,16,3
339,0.533327845,16,4
342,0.517046231,16,4
406,0.522196838,16,8
424,0.536868432,16,5
468,0.522005546,16,7
487,0.53630277,16,6
555,0.546923741,16,7
667,0.534255323,16,7
687,0.541506801,16,9
694,0.510345977,16,10
75,0.544388674,16,2
83,0.540244488,16,2
137,0.530789704,16,2
146,0.53455958,16,1
154,0.536429833,16,1
217,0.546122052,16,1
298,0.520040439,16,5
328,0.524550878,16,6
332,0.504679448,16,6
458,0.542596651,16,6
777,0.532027163,16,10
780,0.514270288,16,9
783,0.547962984,16,9
48,0.54809134,16,3
85,0.525807368,16,3
103,0.513374358,16,1
122,0.522493015,16,1
133,0.531857999,16,2
225,0.507029451,16,6
262,0.513921197,16,3
296,0.528058906,16,2
297,0.540702281,16,6
364,0.51940768,16,5
421,0.540497267,16,7
470,0.513961093,16,7
560,0.538837924,16,7
720,0.502846524,16,8
782,0.504764675,16,9
132,0.508173819,16,1
281,0.523715092,16,3
325,0.53428239,16,5
358,0.522773368,16,3
362,0.514500805,16,9
378,0.519088703,16,7
437,0.538065457,16,7
448,0.508478229,16,5
518,0.517780762,16,10
554,0.519160065,16,7
568,0.509202889,16,7
584,0.512040956,16,9
605,0.532530765,16,8
639,0.535503033,16,8
675,0.503713133,16,6
710,0.511341316,16,8
769,0.544469339,16,10
771,0.529457792,16,9
772,0.541058521,16,10
30,0.531294108,16,2
36,0.532537982,16,3
88,0.526243016,16,2
129,0.529201105,16,2
189,0.536366184,16,3
197,0.512353071,16,6
201,0.510466388,16,4
223,0.514271406,16,4
333,0.543866095,16,6
355,0.547547194,16,3
541,0.502812423,16,10
600,0.536456072,16,10
732,0.548442453,16,7
759,0.534071402,16,10
134,0.537648963,16,1
155,0.520114588,16,7
174,0.547657423,16,2
259,0.536045129,16,6
353,0.518105613,16,5
520,0.526597921,16,6
529,0.532436993,16,5
535,0.524772864,16,6
606,0.50132283,16,8
609,0.532781741,16,6
717,0.53419968,16,9
793,0.51842914,16,9
47,0.533823741,16,3
219,0.542440249,16,1
261,0.526413402,16,3
390,0.535158766,16,6
443,0.516771984,16,8
490,0.53918588,16,6
536,0.503387142,16,4
677,0.500804784,16,7
709,0.545661379,16,10
762,0.507815149,16,10
17,0.548318927,16,4
77,0.51837782,16,2
202,0.51355867,16,2
205,0.531418929,16,1
212,0.542118391,16,2
260,0.533371589,16,4
293,0.516577423,16,6
523,0.503590807,16,5
532,0.545234,16,9
657,0.537579337,16,9
678,0.516248752,16,8
32,0.546673556,16,2
250,0.542537705,16,3
453,0.514189174,16,6
481,0.536348776,16,7
499,0.525794719,16,7
507,0.504385565,16,6
577,0.508649558,16,7
9,0.502021289,16,3
78,0.502706122,16,2
84,0.512305006,16,3
87,0.500477346,16,2
148,0.513296849,16,2
188,0.538520953,16,2
188,0.538520953,16,3
193,0.539981806,16,5
322,0.504751351,16,7
367,0.539906082,16,5
373,0.53460583,16,7
479,0.501518943,16,6
627,0.534307932,16,8
756,0.514062752,16,8
258,0.539848247,16,6
263,0.526276683,16,5
385,0.527870712,16,7
503,0.505331821,16,7
743,0.517133273,16,10
758,0.528576344,16,9
784,0.546336611,16,9
38,0.539024921,16,1
82,0.542968467,16,2
380,0.525965898,16,5
391,0.539374496,16,6
395,0.520243344,16,7
41,0.517526619,16,2
53,0.533170431,16,2
183,0.520459321,16,1
243,0.523629187,16,1
326,0.531742745,16,6
400,0.545074705,16,7
491,0.505587839,16,9
534,0.528647106,16,10
620,0.540126359,16,7
648,0.548781763,16,9
727,0.508313754,16,10
63,0.541703878,16,2
112,0.524688751,16,1
120,0.549429235,16,4
409,0.532412566,16,4
517,0.517261779,16,7
614,0.543570027,16,9
757,0.549095588,16,9
51,0.5274798,16,2
237,0.538982897,16,3
246,0.534161859,16,5
383,0.521006726,16,7
548,0.533486051,16,8
647,0.512478205,16,10
744,0.542901977,16,9
748,0.507756326,16,9
779,0.538034255,16,9
3,0.518756092,16,3
119,0.548465905,16,2
255,0.521509401,16,5
291,0.522140327,16,4
295,0.53118108,16,4
377,0.532977499,16,4
97,0.530002867,16,2
101,0.543634988,16,2
329,0.544379863,16,5
376,0.502640287,16,5
432,0.54727496,16,8
457,0.539844275,16,6
533,0.53003105,16,6
610,0.54042887,16,5
692,0.516792376,16,8
713,0.532391764,16,10
736,0.54725437,16,9
59,0.542664665,16,2
180,0.547965435,16,2
185,0.530077464,16,2
294,0.527067333,16,6
433,0.505535501,16,7
513,0.525861536,16,8
527,0.533998176,16,5
680,0.512705461,16,7
708,0.542355841,16,9
741,0.537071424,16,7
40,0.549773505,16,1
54,0.520699469,16,1
107,0.512248727,16,1
288,0.538202053,16,3
414,0.507983834,16,7
510,0.516425887,16,8
531,0.529976388,16,5
711,0.523713413,16,9
58,0.500920081,16,1
179,0.544528985,16,4
280,0.545062622,16,4
434,0.514634625,16,5
471,0.511642663,16,6
745,0.509804555,16,8
50,0.509677199,16,1
151,0.536130537,16,3
191,0.511276904,16,4
456,0.537607596,16,8
460,0.500086448,16,7
105,0.528503535,16,1
192,0.507308437,16,3
233,0.516883473,16,6
370,0.543027512,16,4
463,0.510585126,16,4
698,0.537296945,16,6
127,0.506472981,16,4
431,0.507619732,16,5
571,0.503197658,16,9
597,0.527700056,16,8
638,0.543744351,16,6
737,0.543932525,16,8
746,0.53220053,16,10
13,0.514367508,16,2
472,0.526129407,16,8
761,0.514114878,16,10
117,0.515534605,16,1
396,0.541358519,16,3
462,0.506464614,16,6
670,0.50669037,16,8
484,0.523913805,16,7
574,0.500668828,16,8
168,0.51794937,16,3
218,0.509965249,16,2
465,0.513523801,16,6
607,0.503362089,16,9
52,0.547387327,16,4
361,0.547601679,16,2
397,0.505297157,16,7
682,0.53945313,16,9
256,0.507163425,16,2
323,0.543089915,16,4
175,0.531346757,16,2
224,0.526183118,16,3
703,0.535526565,16,10
565,0.546659296,16,7
528,0.527286013,16,5
542,0.544773996,16,9
505,0.535271196,16,9
178,0.547467279,16,1
641,0.54487204,16,9
683,0.547214669,16,10
392,0.511469149,16,6
537,0.5495089,16,6
649,0.549271945,16,8
81,0.516739849,16,1
199,0.500742298,16,1
221,0.537788635,16,2
498,0.518407936,16,7
247,0.544308129,16,2
173,0.519480386,16,3
204,0.507987846,16,3
46,0.534924619,16,1
467,0.504812034,16,5
398,0.535851604,16,7
676,0.536433324,16,9
116,0.526382171,16,2
749,0.525409572,16,10
412,0.541424646,16,2
724,0.519274496,16,8
724,0.519274496,16,9
346,0.549267979,16,2
72,0.527654055,16,3
242,0.522932713,16,6
704,0.508319676,16,7
521,0.513081525,16,7
698,0.510913396,16,5
698,0.510913396,16,6
510,0.520929661,16,10
416,0.519781221,16,4
475,0.545052997,16,10
69,0.519058523,16,3
152,0.508524733,16,5
766,0.511801081,16,7
728,0.506843498,16,8
364,0.549277136,16,2
364,0.549277136,16,3
665,0.540501542,16,10
721,0.509889471,16,9
488,0.519603488,16,3
767,0.503728256,16,6
98,0.503324635,16,4
449,0.508895404,16,9
739,0.526632081,16,8
135,0.512818231,16,1
193,0.506641118,16,5
655,0.500883105,16,9
333,0.507919228,16,8
91,0.535126313,16,1
349,0.520108665,16,3
627,0.521798777,16,7
652,0.534167179,16,9
652,0.534167179,16,10
738,0.5115537,16,6
13,0.507620674,16,1
92,0.516782158,16,2
355,0.533534272,16,6
552,0.50111413,16,10
559,0.518216602,16,4
628,0.50931721,16,5
718,0.509786711,16,9
94,0.507503435,16,3
136,0.549155565,16,1
249,0.526121177,16,1
276,0.530581631,16,1
374,0.510550226,16,7
415,0.517352987,16,8
441,0.535470078,16,4
442,0.536346454,16,6
582,0.544442564,16,9
591,0.511840984,16,8
707,0.533900471,16,10
280,0.524542509,16,1
524,0.514867217,16,6
581,0.530352773,16,7
596,0.519382061,16,7
11,0.53421463,16,2
372,0.52167271,16,6
426,0.523262687,16,3
446,0.517676295,16,6
481,0.520275158,16,8
481,0.520275158,16,9
543,0.512207805,16,9
725,0.524023548,16,10
86,0.542490548,16,1
99,0.528061081,16,4
340,0.514526713,16,1
340,0.514526713,16,2
394,0.502566285,16,5
486,0.546452365,16,5
511,0.502644907,16,7
601,0.508582174,16,9
22,0.504525533,16,1
150,0.532269627,16,4
179,0.513477215,16,2
197,0.547372115,16,5
365,0.521680351,16,6
371,0.526859641,16,4
379,0.508753371,16,8
476,0.545450028,16,8
607,0.532252067,16,6
692,0.518899004,16,10
733,0.537483614,16,9
735,0.543177949,16,10
126,0.545954298,16,3
206,0.52851046,16,1
220,0.514994006,16,3
421,0.538929222,16,6
490,0.510418013,16,3
505,0.502901192,16,8
512,0.50706898,16,7
585,0.525216185,16,10
785,0.519417382,16,7
161,0.544236112,16,1
232,0.520875138,16,4
267,0.525821093,16,7
302,0.531183885,16,5
327,0.53352059,16,2
347,0.514247676,16,5
405,0.510631456,16,9
598,0.500948208,16,4
677,0.512359007,16,6
706,0.505581699,16,5
760,0.519602199,16,8
25,0.51385462,16,3
336,0.513182347,16,6
576,0.541009954,16,7
759,0.545430274,16,8
793,0.511448748,16,8
70,0.536562811,16,3
145,0.531728962,16,1
162,0.538526717,16,4
196,0.511850797,16,4
200,0.536369965,16,1
239,0.504479993,16,5
311,0.50465914,16,7
381,0.504836759,16,8
453,0.540266199,16,9
477,0.527413523,16,10
492,0.526094691,16,8
522,0.533240181,16,9
556,0.500502937,16,5
572,0.509748466,16,10
623,0.535698509,16,7
764,0.545079829,16,8
67,0.533143559,16,1
146,0.516137572,16,1
155,0.51737063,16,4
359,0.513187215,16,8
389,0.50367398,16,3
19,0.53485748,16,1
384,0.509234732,16,2
509,0.518650608,16,9
523,0.528865208,16,10
616,0.513658063,16,9
625,0.531078962,16,10
656,0.50854169,16,9
5,0.542041379,16,2
213,0.512362856,16,1
241,0.532670895,16,4
471,0.516461231,16,5
487,0.520330197,16,7
497,0.539591894,16,7
555,0.543905281,16,6
586,0.542594263,16,7
615,0.508821557,16,10
695,0.526660134,16,8
729,0.503426152,16,7
748,0.549159321,16,7
776,0.51291026,16,7
776,0.51291026,16,8
787,0.528651662,16,7
59,0.525229795,16,2
104,0.521334775,16,3
337,0.515289974,16,9
594,0.548159274,16,3
594,0.548159274,16,4
700,0.517674685,16,5
722,0.522019988,16,8
723,0.504937721,16,8
781,0.548929091,16,8
24,0.517258812,16,3
64,0.518663831,16,1
176,0.50409509,16,2
235,0.513483162,16,6
351,0.520482852,16,7
362,0.502515227,16,7
454,0.50136311,16,3
459,0.53318953,16,3
57,0.507565757,16,1
65,0.525148865,16,2
66,0.5291594,16,2
142,0.520911849,16,5
238,0.525033982,16,3
452,0.521419164,16,8
482,0.537647908,16,2
103,0.54345446,16,5
219,0.517181939,16,6
254,0.512510346,16,7
263,0.528192299,16,6
295,0.509465906,16,6
435,0.549892961,16,6
516,0.5438911,16,7
578,0.546456135,16,9
617,0.528299781,16,10
629,0.527643119,16,5
669,0.512926148,16,5
31,0.531756041,16,1
54,0.512724027,16,4
143,0.507572642,16,1
296,0.545006056,16,3
334,0.533091644,16,4
344,0.500595235,16,3
356,0.513016509,16,2
370,0.529452107,16,5
418,0.522835855,16,6
438,0.525873103,16,6
463,0.503441629,16,8
514,0.548572941,16,9
515,0.522750972,16,10
553,0.536278273,16,6
599,0.52125738,16,6
619,0.521532142,16,7
622,0.504360633,16,9
632,0.510261962,16,10
649,0.542171905,16,9
654,0.534657138,16,10
708,0.50104455,16,10
712,0.517066261,16,9
21,0.514964851,16,2
95,0.539970871,16,3
165,0.516160489,16,5
285,0.520658294,16,4
335,0.52107207,16,7
335,0.52107207,16,8
343,0.508861874,16,6
456,0.547797396,16,3
520,0.530977026,16,5
531,0.545050307,16,5
545,0.507583371,16,9
550,0.526770963,16,8
557,0.542151111,16,7
558,0.501734556,16,5
589,0.54665372,16,10
613,0.54237054,16,10
737,0.508190107,16,7
768,0.505729107,16,7
12,0.504557441,16,3
29,0.536554336,16,2
61,0.522929882,16,3
207,0.549310541,16,3
320,0.549341354,16,1
366,0.536085619,16,4
386,0.513806233,16,1
404,0.503851013,16,7
410,0.540042942,16,4
414,0.533751836,16,7
651,0.512855706,16,10
694,0.53977835,16,9
788,0.544836544,16,9
89,0.53730486,16,3
113,0.546288157,16,1
172,0.518327652,16,3
215,0.516727687,16,2
225,0.519273089,16,4
271,0.523838383,16,6
293,0.541386308,16,3
350,0.509589525,16,1
417,0.517794895,16,6
495,0.5490489,16,5
500,0.520075735,16,8
533,0.504583789,16,8
544,0.537866241,16,6
560,0.505090677,16,5
736,0.503319784,16,7
53,0.51665221,16,3
106,0.510354255,16,3
111,0.533188087,16,2
130,0.546869946,16,2
131,0.522468713,16,4
164,0.533454122,16,4
214,0.545715453,16,3
300,0.544340183,16,5
352,0.539305641,16,7
399,0.504355963,16,7
473,0.535598202,16,9
494,0.534752891,16,6
503,0.510102354,16,4
568,0.500874631,16,8
574,0.53762992,16,6
603,0.54631548,16,8
614,0.525266161,16,8
664,0.528503971,16,8
687,0.547050262,16,9
747,0.52515642,16,10
763,0.533078596,16,10
63,0.507282408,16,4
71,0.530220966,16,2
234,0.522091693,16,4
264,0.543201382,16,2
279,0.502141918,16,1
433,0.53672981,16,7
443,0.546553065,16,8
513,0.500276359,16,9
620,0.538716729,16,7
719,0.503192749,16,8
55,0.514574212,16,4
75,0.513031269,16,2
83,0.501745841,16,2
138,0.521433273,16,1
195,0.504520621,16,4
208,0.52937186,16,2
226,0.510792401,16,6
298,0.542231962,16,5
304,0.545717508,16,6
342,0.504468547,16,5
375,0.503899732,16,8
432,0.501498001,16,8
479,0.514749797,16,5
537,0.547645819,16,9
671,0.513849777,16,9
681,0.504310371,16,10
689,0.513677202,16,8
726,0.548966209,16,10
731,0.509260543,16,9
751,0.501734877,16,7
751,0.501734877,16,8
68,0.519834329,16,1
85,0.523127741,16,1
88,0.544716287,16,3
167,0.524373127,16,3
230,0.54469222,16,4
240,0.530931424,16,2
268,0.513143822,16,4
303,0.503968718,16,5
403,0.515620543,16,9
526,0.509190844,16,3
580,0.535055216,16,4
584,0.549263008,16,10
672,0.525770231,16,8
730,0.511248557,16,8
758,0.53791001,16,8
58,0.52563164,16,1
108,0.519647918,16,1
132,0.529911405,16,3
141,0.544365943,16,5
265,0.530891724,16,5
270,0.506815752,16,4
309,0.529147696,16,4
312,0.53081812,16,5
373,0.509151658,16,6
428,0.542783352,16,3
525,0.500892302,16,4
637,0.500096718,16,5
716,0.535527083,16,8
7,0.512120732,16,1
16,0.510561612,16,3
60,0.516446259,16,1
147,0.531000761,16,4
170,0.504298957,16,3
204,0.53666366,16,2
205,0.549181313,16,4
377,0.506546632,16,4
380,0.544177673,16,3
424,0.542828752,16,5
519,0.546055986,16,9
534,0.514617772,16,8
573,0.54766799,16,9
634,0.547498982,16,7
699,0.534121756,16,7
42,0.542029164,16,2
79,0.548015295,16,1
80,0.544939359,16,4
119,0.535566171,16,2
144,0.533609174,16,2
156,0.50243104,16,4
159,0.538366326,16,1
188,0.544911265,16,6
191,0.540458565,16,3
294,0.545838732,16,2
310,0.536342326,16,2
468,0.535967363,16,8
485,0.540980165,16,6
565,0.517464389,16,7
123,0.52974108,16,4
203,0.547603445,16,1
210,0.547817051,16,2
275,0.532283156,16,4
305,0.54608238,16,6
339,0.50658229,16,5
390,0.549250138,16,2
419,0.542576696,16,6
457,0.538485838,16,7
462,0.535535445,16,4
626,0.509071778,16,8
633,0.512788535,16,7
660,0.538107584,16,8
754,0.510750547,16,9
792,0.510837318,16,7
34,0.549692923,16,1
48,0.527213624,16,2
51,0.529104488,16,2
163,0.549435272,16,6
201,0.504056497,16,3
255,0.52003588,16,5
308,0.500810815,16,8
385,0.50681802,16,4
392,0.521104595,16,7
409,0.508869028,16,5
420,0.538558604,16,5
427,0.527857752,16,3
444,0.522451303,16,7
499,0.50781939,16,6
517,0.511531961,16,9
587,0.546296692,16,9
653,0.503398055,16,10
780,0.536755513,16,9
2,0.508430244,16,3
8,0.544527709,16,1
35,0.517468065,16,3
194,0.52075114,16,3
272,0.530576945,16,5
273,0.547491377,16,2
306,0.503679429,16,4
316,0.503369233,16,2
319,0.519258726,16,2
357,0.549395543,16,6
382,0.508146139,16,6
434,0.529606924,16,7
542,0.502568642,16,7
546,0.514967405,16,10
566,0.520917016,16,5
579,0.513883139,16,7
635,0.529599498,16,8
686,0.533577574,16,8
686,0.533577574,16,9
714,0.520822657,16,9
778,0.53414163,16,10
782,0.527983919,16,8
28,0.529127741,16,3
73,0.517633872,16,2
127,0.541072411,16,4
185,0.528451981,16,4
199,0.536551757,16,2
246,0.531176407,16,4
274,0.540405517,16,4
474,0.522049775,16,9
489,0.535197563,16,6
640,0.537956209,16,10
642,0.527392921,16,9
662,0.530928309,16,9
701,0.527968964,16,9
36,0.50426331,16,3
44,0.547998874,16,1
50,0.529616684,16,3
125,0.508918295,16,5
168,0.534131491,16,4
169,0.514651315,16,5
198,0.507689935,16,4
223,0.528647846,16,5
233,0.541615614,16,6
244,0.537699663,16,2
314,0.504543439,16,2
345,0.543752153,16,3
439,0.512991719,16,7
448,0.532663444,16,9
657,0.520704522,16,7
37,0.520854853,16,2
49,0.534386881,16,2
76,0.513143625,16,2
118,0.538025354,16,3
137,0.50669036,16,2
283,0.532600175,16,5
286,0.50608891,16,1
301,0.518845798,16,3
315,0.500552475,16,2
376,0.503344963,16,5
423,0.543083379,16,4
480,0.521393059,16,6
506,0.506394467,16,8
554,0.524691148,16,8
668,0.518628582,16,8
668,0.518628582,16,9
697,0.500657421,16,5
705,0.513125923,16,9
771,0.532283305,16,8
783,0.532817974,16,9
10,0.541632884,16,1
20,0.534921268,16,1
56,0.523327166,16,3
102,0.525469723,16,3
122,0.522086681,16,1
134,0.508565893,16,4
140,0.520534844,16,1
192,0.519277895,16,2
209,0.508120203,16,1
211,0.543966181,16,6
269,0.501859123,16,3
288,0.505427252,16,5
348,0.548909459,16,1
369,0.509876325,16,6
541,0.525854589,16,7
547,0.506327825,16,9
569,0.503130563,16,9
588,0.542022741,16,9
608,0.513655334,16,6
612,0.510271323,16,10
643,0.531222077,16,9
661,0.530443667,16,10
685,0.543108665,16,9
789,0.500346774,16,10
18,0.536979865,16,2
33,0.548904762,16,3
96,0.501704514,16,2
105,0.536127534,16,1
158,0.525307183,16,2
166,0.538025007,16,1
183,0.525685678,16,2
222,0.513758937,16,4
243,0.548926371,16,6
332,0.504623247,16,6
413,0.517370169,16,3
429,0.541868162,16,6
458,0.526246051,16,5
602,0.535776666,16,8
631,0.53500742,16,8
684,0.518607474,16,9
696,0.51029094,16,7
713,0.523632555,16,9
755,0.524139146,16,10
1,0.510054646,16,3
27,0.506996729,16,4
133,0.529866309,16,2
160,0.536903026,16,1
174,0.545020485,16,2
212,0.535231219,16,6
229,0.514183839,16,3
253,0.515549038,16,3
388,0.530602544,16,5
445,0.502989282,16,9
493,0.507508878,16,4
567,0.501581061,16,4
761,0.521677191,16,9
62,0.515955734,16,1
77,0.502985883,16,2
182,0.527753267,16,1
217,0.527432517,16,1
236,0.531604307,16,3
281,0.526354499,16,5
287,0.519835563,16,3
322,0.516837747,16,5
353,0.528132844,16,5
393,0.544395422,16,5
577,0.507304597,16,7
645,0.511551305,16,9
658,0.523815733,16,8
690,0.521904797,16,8
770,0.531279662,16,10
773,0.52086018,16,10
774,0.542702166,16,8
777,0.500210606,16,7
26,0.535408927,16,2
32,0.54228626,16,2
101,0.540589219,16,1
120,0.51968276,16,4
149,0.509939284,16,2
221,0.514835134,16,1
318,0.531320162,16,3
368,0.538423224,16,5
436,0.504042351,16,6
549,0.542934572,16,8
618,0.533510165,16,9
744,0.502332909,16,9
769,0.533912711,16,9
47,0.537517175,16,3
100,0.527281906,16,1
121,0.507501533,16,1
184,0.540260313,16,2
189,0.52288475,16,5
216,0.511859055,16,1
228,0.521052035,16,2
245,0.50766209,16,1
257,0.546423343,16,5
261,0.501477927,16,6
284,0.502851017,16,4
292,0.534220432,16,4
402,0.52493984,16,6
478,0.5010629,16,6
540,0.544327185,16,10
630,0.544709901,16,6
646,0.547884845,16,8
650,0.507874488,16,8
670,0.50227808,16,8
742,0.543630852,16,9
791,0.534435631,16,10
41,0.513162493,16,3
84,0.515506243,16,3
97,0.503272844,16,2
114,0.544559845,16,2
117,0.51918547,16,3
278,0.547333916,16,1
338,0.548684533,16,3
450,0.526587191,16,5
470,0.546803064,16,7
491,0.528575548,16,8
518,0.54766261,16,7
548,0.54605655,16,8
605,0.517045428,16,7
732,0.53823438,16,9
4,0.518413717,16,1
78,0.536749171,16,4
82,0.526897029,16,1
115,0.528149775,16,4
180,0.529742358,16,3
231,0.519266603,16,3
331,0.534872679,16,4
430,0.518090547,16,7
472,0.51548671,16,6
659,0.537733916,16,10
709,0.533144013,16,8
762,0.504285904,16,9
15,0.531284162,16,1
38,0.528429118,16,3
93,0.523505123,16,3
139,0.52026094,16,2
181,0.519243231,16,4
317,0.531107645,16,2
437,0.504637647,16,7
483,0.504351502,16,5
561,0.521798189,16,9
597,0.533263736,16,6
624,0.529485874,16,10
734,0.546517775,16,7
756,0.523447319,16,10
765,0.5416174,16,8
175,0.501890686,16,2
178,0.522037772,16,1
227,0.500698808,16,4
277,0.533614788,16,3
291,0.540110665,16,6
383,0.517220679,16,3
383,0.517220679,16,4
406,0.521935593,16,9
407,0.546765111,16,7
422,0.504296048,16,7
425,0.526730881,16,6
464,0.548643972,16,6
535,0.507707363,16,6
538,0.531182484,16,7
564,0.527014383,16,5
636,0.530699838,16,7
638,0.54663559,16,6
717,0.530268389,16,9
741,0.522043846,16,9
107,0.536528807,16,2
128,0.543568622,16,1
129,0.529490617,16,2
187,0.543366236,16,1
282,0.543156144,16,2
297,0.549471882,16,6
378,0.516041213,16,7
411,0.54268327,16,9
551,0.508806227,16,9
682,0.548296729,16,9
775,0.526722553,16,10
177,0.513696456,16,1
251,0.50718981,16,1
259,0.514779159,16,3
307,0.548546421,16,3
401,0.541603404,16,6
570,0.548212495,16,9
621,0.531792583,16,10
674,0.501472364,16,10
710,0.538267331,16,9
752,0.52778496,16,8
109,0.511296983,16,3
173,0.526572047,16,1
224,0.527454094,16,5
248,0.520442594,16,2
258,0.548652758,16,5
358,0.523103594,16,4
397,0.523949874,16,6
465,0.509316537,16,5
469,0.539694019,16,5
610,0.534774088,16,9
666,0.515350258,16,7
691,0.542386678,16,10
266,0.522609458,16,5
363,0.524418357,16,5
395,0.543773609,16,6
451,0.529148625,16,5
532,0.517698764,16,7
6,0.518145402,16,3
74,0.504632899,16,2
237,0.508471072,16,4
250,0.515062463,16,4
484,0.508794152,16,8
675,0.510696163,16,8
784,0.50009645,16,10
112,0.520372116,16,4
153,0.543895181,16,2
396,0.522960572,16,5
440,0.507194912,16,6
539,0.536214139,16,8
644,0.523605541,16,8
720,0.509686081,16,10
750,0.523584371,16,8
43,0.516165472,16,1
87,0.534904776,16,2
124,0.547203189,16,4
391,0.50813923,16,4
508,0.527010623,16,8
563,0.539930563,16,8
575,0.5142659,16,9
779,0.53990507,16,10
786,0.539865434,16,7
39,0.549419084,16,1
81,0.53163253,16,1
387,0.542277216,16,7
529,0.521784599,16,6
583,0.545027757,16,10
600,0.509382504,16,6
667,0.548429536,16,10
702,0.539106897,16,10
3,0.513137343,16,1
30,0.528254516,16,2
40,0.533941148,16,1
190,0.531567587,16,4
202,0.514685946,16,3
289,0.52718867,16,4
325,0.517027602,16,3
330,0.534710661,16,5
367,0.541885754,16,6
400,0.517102718,16,6
683,0.533093555,16,9
683,0.533093555,16,10
46,0.529896721,16,2
252,0.5418507,16,4
324,0.544306746,16,2
461,0.527291797,16,7
502,0.542570909,16,8
593,0.507900442,16,9
679,0.516348056,16,8
745,0.524023463,16,7
52,0.525579148,16,2
328,0.540323165,16,4
354,0.548517653,16,3
360,0.521190876,16,4
592,0.505057274,16,9
680,0.540793366,16,10
727,0.516825674,16,9
790,0.501563377,16,7
17,0.542917314,16,2
23,0.548417887,16,4
431,0.51777743,16,6
498,0.520102852,16,8
639,0.535259809,16,6
647,0.538927813,16,9
703,0.53108974,16,10
757,0.506814948,16,10
772,0.521737506,16,9
116,0.538364483,16,1
715,0.534777358,16,10
749,0.547030269,16,10
398,0.53756886,16,8
609,0.534984325,16,8
693,0.50694023,16,9
260,0.530497485,16,2
455,0.549989157,16,5
467,0.511503756,16,6
496,0.520649349,16,5
527,0.526319578,16,6
663,0.519899485,16,10
90,0.543608779,16,1
290,0.539739083,16,4
604,0.542628443,16,6
648,0.5394463,16,10
740,0.508979148,16,8
148,0.510152732,16,3
313,0.515718825,16,3
595,0.507536592,16,6
676,0.50731888,16,9
507,0.506085593,16,6
743,0.522695408,16,10
14,0.526254767,16,3
154,0.502188825,16,1
157,0.5134075,16,2
299,0.548907239,16,2
321,0.50533656,16,4
590,0.525207386,16,8
678,0.540614433,16,10
341,0.509610081,16,5
361,0.503719314,16,4
562,0.542895474,16,6
262,0.532241201,16,3
323,0.529938597,16,3
530,0.532448098,16,9
171,0.539538828,16,2
460,0.540378451,16,6
501,0.54600813,16,8
218,0.520410442,16,4
611,0.523859031,16,9
673,0.536857968,16,9
45,0.511457617,16,1
688,0.508225522,16,10
528,0.545437242,16,4
247,0.512664916,16,2
256,0.504509792,16,3
329,0.503465205,16,2
466,0.505393674,16,7
711,0.523404147,16,10
606,0.50889378,16,9
504,0.505134682,16,8
571,0.545307964,16,9
151,0.546513545,16,3
9,0.500562834,16,3
753,0.502639369,16,9
186,0.534730068,16,4
110,0.539172676,16,1
447,0.538010314,16,8
746,0.538783762,16,7
408,0.548728116,16,2
641,0.543422421,16,8
326,0.535041548,16,4
536,0.533281596,16,8
125,0.549955141,16,5
762,0.546441089,16,7
363,0.523705792,16,7
509,0.510686061,16,6
581,0.527313884,16,8
768,0.50713249,16,6
449,0.512807488,16,8
615,0.54680753,16,9
276,0.549627706,16,2
279,0.516675023,16,1
780,0.545514819,16,8
781,0.501989158,16,8
473,0.505122919,16,8
721,0.542762609,16,9
725,0.549044311,16,9
528,0.501683198,16,4
40,0.520403329,16,4
416,0.530275886,16,3
2,0.541152895,16,2
791,0.522650239,16,8
54,0.529090436,16,2
156,0.508747676,16,5
418,0.516297759,16,2
442,0.509178237,16,6
486,0.527469936,16,3
766,0.524592267,16,7
91,0.53093742,16,2
264,0.516994312,16,3
316,0.536394284,16,7
719,0.541404259,16,8
193,0.500631519,16,7
302,0.544214667,16,6
477,0.523996196,16,9
546,0.539747924,16,10
626,0.531576567,16,5
634,0.510193325,16,6
154,0.549392837,16,1
154,0.549392837,16,2
582,0.514115267,16,7
735,0.522108261,16,7
9,0.548818212,16,3
346,0.523039845,16,2
69,0.5128648,16,2
92,0.509811629,16,1
22,0.500492688,16,1
53,0.511402942,16,1
171,0.50843621,16,5
321,0.544512142,16,2
351,0.530182398,16,3
635,0.528524073,16,7
62,0.539602836,16,2
72,0.526818127,16,3
216,0.525295733,16,1
232,0.514044561,16,3
474,0.501357546,16,9
500,0.543421502,16,9
545,0.548390106,16,10
550,0.511550186,16,7
607,0.528876074,16,6
668,0.510819576,16,6
37,0.530268689,16,3
159,0.504548729,16,5
210,0.51984275,16,2
282,0.508544334,16,6
652,0.516473595,16,9
114,0.537459103,16,2
169,0.504383044,16,4
372,0.535692245,16,6
422,0.527518976,16,8
497,0.51656292,16,6
565,0.513960296,16,6
706,0.525503595,16,7
790,0.50577227,16,9
44,0.517959673,16,3
55,0.503640587,16,3
365,0.522173741,16,6
426,0.506915117,16,2
512,0.548431753,16,9
547,0.530751278,16,9
727,0.542613231,16,9
179,0.502335645,16,2
207,0.516769287,16,3
410,0.547299903,16,3
421,0.520994149,16,8
458,0.505180542,16,4
8,0.512516825,16,3
123,0.509282628,16,4
228,0.513960441,16,5
355,0.542251935,16,5
444,0.517731714,16,8
495,0.536323207,16,8
575,0.525530313,16,7
619,0.519991292,16,6
67,0.52327278,16,2
68,0.515495523,16,2
127,0.520243322,16,6
235,0.526932465,16,6
369,0.503083738,16,8
375,0.541023292,16,6
665,0.502710578,16,6
697,0.518506486,16,9
739,0.502511179,16,8
200,0.548242582,16,3
513,0.510473302,16,9
543,0.501753713,16,10
625,0.514387777,16,8
705,0.508100961,16,8
708,0.531986271,16,10
29,0.517126939,16,2
137,0.524451906,16,1
237,0.544043859,16,6
340,0.547873964,16,2
366,0.535134062,16,4
376,0.508487915,16,5
415,0.526464636,16,4
445,0.524503053,16,9
649,0.502792519,16,9
666,0.542318383,16,10
674,0.514651386,16,10
696,0.547523242,16,8
730,0.543648762,16,8
744,0.541789282,16,8
19,0.508887526,16,1
35,0.512355062,16,3
45,0.548539298,16,1
145,0.533982192,16,3
241,0.518435945,16,2
271,0.522392703,16,6
386,0.517519371,16,7
456,0.512892662,16,5
485,0.503425862,16,5
515,0.540529584,16,8
524,0.536516943,16,4
585,0.511542706,16,10
593,0.503808693,16,6
629,0.531295626,16,7
669,0.511956087,16,5
738,0.546518507,16,6
13,0.533220995,16,2
64,0.536836972,16,2
296,0.503247973,16,6
490,0.519524315,16,2
516,0.500855682,16,8
728,0.516754454,16,9
7,0.549038549,16,1
27,0.528439857,16,1
56,0.501811341,16,4
85,0.547901989,16,1
138,0.509076292,16,1
304,0.515222152,16,6
352,0.507094416,16,7
374,0.535796472,16,7
384,0.523969525,16,2
511,0.547386546,16,5
588,0.545574753,16,8
678,0.537362346,16,9
767,0.51334743,16,10
20,0.546591587,16,3
74,0.543743063,16,2
126,0.518339974,16,5
162,0.516233927,16,2
175,0.545679754,16,1
231,0.542781429,16,2
267,0.515474701,16,8
284,0.534792401,16,3
347,0.544973326,16,4
586,0.537487402,16,7
648,0.545851378,16,9
653,0.517952991,16,9
655,0.539611698,16,10
659,0.541445471,16,9
723,0.545120471,16,9
724,0.547913553,16,8
765,0.537378182,16,8
6,0.507359593,16,3
75,0.539789221,16,2
102,0.519260535,16,3
102,0.519260535,16,4
150,0.508022512,16,1
165,0.548377725,16,3
195,0.507742381,16,4
196,0.522028077,16,7
201,0.519419468,16,5
202,0.502034802,16,6
270,0.510692449,16,4
272,0.506380932,16,6
285,0.527431356,16,2
308,0.506125969,16,4
440,0.524529855,16,6
482,0.519815752,16,8
491,0.508616967,16,9
496,0.516354961,16,4
519,0.533916651,16,6
631,0.503238755,16,9
682,0.515934207,16,9
73,0.512241509,16,2
88,0.50787444,16,2
99,0.541014186,16,3
149,0.511990401,16,5
198,0.50319247,16,1
222,0.510329126,16,7
290,0.530281309,16,3
307,0.524140432,16,4
323,0.503899057,16,8
335,0.501271741,16,8
343,0.509141439,16,6
348,0.540282526,16,3
389,0.509136564,16,1
417,0.514341696,16,6
454,0.500974747,16,2
559,0.521737702,16,6
710,0.548061843,16,10
57,0.512690689,16,4
80,0.547487409,16,3
103,0.54197749,16,4
167,0.502497795,16,2
194,0.538596561,16,3
239,0.528322956,16,6
245,0.514727086,16,2
255,0.545413772,16,5
289,0.548103806,16,3
446,0.526747964,16,5
503,0.51230115,16,6
551,0.502353293,16,6
555,0.504691497,16,6
557,0.52536444,16,6
577,0.527492638,16,8
592,0.501150066,16,9
617,0.509037818,16,10
664,0.519544087,16,7
698,0.501232912,16,6
720,0.520493789,16,9
25,0.539778208,16,3
86,0.531436464,16,2
136,0.510610712,16,2
247,0.515292777,16,4
248,0.536892528,16,1
249,0.515446406,16,1
266,0.531038226,16,5
404,0.526802563,16,7
487,0.511385881,16,4
566,0.500620544,16,6
677,0.515498527,16,7
690,0.506155563,16,9
107,0.50201636,16,3
132,0.52245772,16,4
161,0.504243716,16,2
204,0.50541904,16,2
236,0.507860907,16,3
274,0.519849146,16,3
295,0.527178181,16,5
334,0.53198274,16,5
337,0.545438242,16,5
349,0.510582771,16,1
379,0.546419968,16,8
382,0.547576491,16,3
405,0.518877688,16,10
406,0.50165723,16,8
413,0.503054824,16,4
529,0.532098193,16,4
722,0.530508774,16,8
772,0.505765458,16,9
772,0.505765458,16,10
59,0.501241667,16,2
94,0.504524025,16,4
135,0.515069131,16,3
146,0.516414988,16,1
164,0.549403838,16,4
181,0.511493162,16,2
275,0.53089894,16,5
286,0.534533729,16,2
411,0.516636713,16,7
471,0.539946587,16,9
518,0.511240594,16,7
556,0.503710158,16,4
572,0.515297726,16,9
584,0.542925855,16,10
595,0.546837162,16,7
621,0.523321354,16,10
644,0.536253022,16,6
673,0.503284064,16,9
699,0.53762336,16,9
747,0.53279246,16,8
61,0.528979083,16,4
155,0.544360549,16,2
224,0.538164747,16,3
342,0.527478231,16,6
364,0.533288784,16,5
371,0.50590658,16,6
393,0.502165758,16,6
484,0.503119315,16,6
505,0.520655993,16,7
514,0.548922462,16,9
560,0.533537664,16,6
569,0.534867474,16,6
574,0.545020814,16,7
656,0.512157944,16,8
661,0.507607237,16,10
686,0.506544779,16,9
756,0.508320247,16,10
783,0.543960535,16,8
4,0.513956347,16,2
106,0.513954011,16,1
124,0.525653814,16,4
158,0.504290544,16,3
192,0.536152678,16,1
197,0.535496511,16,6
227,0.514868233,16,2
257,0.529629123,16,1
301,0.513745775,16,4
314,0.531638518,16,2
554,0.535325574,16,6
591,0.532027841,16,8
675,0.542395921,16,9
688,0.513554216,16,8
692,0.522464059,16,10
700,0.510756033,16,7
718,0.520823143,16,8
726,0.516193111,16,10
736,0.537248922,16,9
755,0.513267036,16,10
786,0.52528234,16,9
788,0.520146487,16,8
11,0.516386196,16,2
21,0.506341539,16,2
153,0.543287413,16,2
253,0.549103428,16,1
341,0.521874727,16,7
455,0.507311248,16,5
564,0.502442711,16,6
590,0.500805493,16,8
616,0.516352311,16,10
624,0.500867253,16,7
627,0.543895492,16,8
687,0.52785801,16,10
773,0.517365185,16,9
787,0.500029284,16,7
82,0.516227647,16,4
438,0.518854057,16,6
494,0.507038915,16,6
499,0.512822566,16,10
544,0.508514593,16,10
579,0.513683345,16,9
645,0.537201438,16,9
670,0.549831364,16,7
689,0.532913887,16,8
703,0.511723224,16,7
14,0.540008139,16,2
66,0.516203076,16,2
70,0.534678167,16,2
71,0.543928491,16,4
112,0.543644199,16,1
128,0.52449961,16,2
140,0.515798317,16,2
147,0.533395972,16,2
199,0.536581689,16,2
203,0.542686048,16,1
217,0.516930471,16,2
306,0.545863046,16,4
397,0.524505902,16,6
596,0.523059235,16,7
702,0.541613242,16,10
734,0.505111017,16,8
1,0.524587723,16,1
76,0.540968925,16,1
87,0.526103318,16,2
122,0.521036557,16,1
170,0.50145789,16,1
188,0.541496539,16,2
209,0.54582766,16,2
263,0.534583295,16,5
298,0.536214435,16,4
303,0.547588475,16,6
331,0.544746251,16,8
412,0.500669144,16,7
414,0.502874785,16,4
441,0.531979259,16,6
459,0.517832117,16,3
460,0.52355464,16,8
567,0.515820832,16,7
568,0.5362999,16,8
597,0.547499227,16,7
633,0.539466972,16,7
646,0.536091262,16,7
716,0.525169034,16,10
763,0.50894555,16,10
65,0.539210445,16,1
90,0.532251185,16,3
206,0.53637578,16,1
219,0.532492261,16,1
240,0.515291236,16,3
265,0.539638551,16,5
277,0.547614069,16,4
299,0.51728218,16,6
385,0.534353329,16,3
428,0.53650385,16,6
447,0.524997134,16,5
489,0.545877303,16,6
526,0.543871956,16,5
527,0.531402249,16,5
558,0.5005847,16,4
603,0.51968247,16,6
613,0.524140762,16,10
618,0.501086436,16,8
641,0.512214339,16,10
672,0.536937149,16,8
693,0.536746725,16,8
760,0.512180117,16,9
10,0.520318685,16,3
26,0.548113419,16,1
28,0.546522455,16,1
95,0.507697006,16,5
214,0.536087688,16,3
218,0.538054725,16,3
233,0.528489311,16,5
234,0.523449,16,5
238,0.539021868,16,3
281,0.500803849,16,4
287,0.502114069,16,1
329,0.511717841,16,5
367,0.536237363,16,7
420,0.529745488,16,1
432,0.54254736,16,7
451,0.54122375,16,6
457,0.538580272,16,7
525,0.5020309,16,4
587,0.531151959,16,9
660,0.507568776,16,8
681,0.514658321,16,7
50,0.524330326,16,1
96,0.540918237,16,1
117,0.549729076,16,1
121,0.527363919,16,1
160,0.525239697,16,3
208,0.500184758,16,1
220,0.541919713,16,5
273,0.541673009,16,2
309,0.533251039,16,5
368,0.543336213,16,5
436,0.504716915,16,6
532,0.533737442,16,6
537,0.50582489,16,5
563,0.543979674,16,9
589,0.539133509,16,10
594,0.521585571,16,5
604,0.514662249,16,10
709,0.514831956,16,10
743,0.508207585,16,9
754,0.548622888,16,7
30,0.502291787,16,2
97,0.507545466,16,2
111,0.535627278,16,2
174,0.53805852,16,2
225,0.54456437,16,5
260,0.511106546,16,5
312,0.536897452,16,2
360,0.536742605,16,6
373,0.543057701,16,9
443,0.536550957,16,10
450,0.539494244,16,4
507,0.514230943,16,5
517,0.549050308,16,5
538,0.521740096,16,7
598,0.508361998,16,6
630,0.509133634,16,6
779,0.511236032,16,9
782,0.511067628,16,8
163,0.509173227,16,3
187,0.520774185,16,4
258,0.51218052,16,3
381,0.53091846,16,3
464,0.505754762,16,8
479,0.509546249,16,5
570,0.505933473,16,9
640,0.54199208,16,10
650,0.526876817,16,9
714,0.546650363,16,10
717,0.536711771,16,9
759,0.530152323,16,9
776,0.519558901,16,9
16,0.542257214,16,1
24,0.523518046,16,2
223,0.504140962,16,1
370,0.502327971,16,7
423,0.548493542,16,6
425,0.547842429,16,4
472,0.502583938,16,6
498,0.504405337,16,7
552,0.517049794,16,7
583,0.519924208,16,9
614,0.540524885,16,8
623,0.533456449,16,8
671,0.547162898,16,7
15,0.501986311,16,2
31,0.539691261,16,1
83,0.510436124,16,1
129,0.529368068,16,2
130,0.542227323,16,2
184,0.524782204,16,4
305,0.502316733,16,8
336,0.523507039,16,8
338,0.519756412,16,3
345,0.501729303,16,5
409,0.530636888,16,4
468,0.507070675,16,6
657,0.526115924,16,7
34,0.542150249,16,2
144,0.526272372,16,1
294,0.541903255,16,6
353,0.541974447,16,3
357,0.535362772,16,4
480,0.527721732,16,5
510,0.515624771,16,7
622,0.501401193,16,10
639,0.525534373,16,8
647,0.535225619,16,9
691,0.534619573,16,10
752,0.500236203,16,10
771,0.535187996,16,9
84,0.537616835,16,2
101,0.513734182,16,1
212,0.534275163,16,6
378,0.530054123,16,9
401,0.548275691,16,8
402,0.504424007,16,7
419,0.502000776,16,4
573,0.527883023,16,7
643,0.506638395,16,8
651,0.511948794,16,10
685,0.54426866,16,9
774,0.519834423,16,8
777,0.547923112,16,10
3,0.53762544,16,2
41,0.515773016,16,1
77,0.509143593,16,1
98,0.516308149,16,5
100,0.504276187,16,2
104,0.506213259,16,2
109,0.525866713,16,2
157,0.544533075,16,6
183,0.521535886,16,4
330,0.543981857,16,6
394,0.54885606,16,6
433,0.504399397,16,4
488,0.537921059,16,3
504,0.546537517,16,6
751,0.529926295,16,8
36,0.54845821,16,1
189,0.511281183,16,3
246,0.506378375,16,1
311,0.538062742,16,4
344,0.54163407,16,1
354,0.518497443,16,5
576,0.502044902,16,9
628,0.537190749,16,5
637,0.540053694,16,10
679,0.529175524,16,9
769,0.541642296,16,9
5,0.542197653,16,2
12,0.521415487,16,2
18,0.519314594,16,2
134,0.525494947,16,2
166,0.501970871,16,3
205,0.531931875,16,1
427,0.500574025,16,2
465,0.502282776,16,4
502,0.527637005,16,8
520,0.525383788,16,9
549,0.545657018,16,7
707,0.54216542,16,10
712,0.501717501,16,10
761,0.512422692,16,8
770,0.54007588,16,9
17,0.506959808,16,2
229,0.545063553,16,1
268,0.508052028,16,6
350,0.5391153,16,4
362,0.534493922,16,7
377,0.525239161,16,5
435,0.535464557,16,7
463,0.536430015,16,6
483,0.54669833,16,7
506,0.516343585,16,7
521,0.529100359,16,7
531,0.520637713,16,8
542,0.503767705,16,8
561,0.540758651,16,9
737,0.514845304,16,9
789,0.515871208,16,8
38,0.538934157,16,3
108,0.517713418,16,4
118,0.52523734,16,2
168,0.501040242,16,5
356,0.527147551,16,2
578,0.531507847,16,8
39,0.537182715,16,1
242,0.526474406,16,3
283,0.526415508,16,5
319,0.54800123,16,7
429,0.535311052,16,3
470,0.529729309,16,9
553,0.501129008,16,7
605,0.517549285,16,6
695,0.53535893,16,9
732,0.505294217,16,8
748,0.540598102,16,8
753,0.549339985,16,9
778,0.526280731,16,8
23,0.529713093,16,3
51,0.546629302,16,4
60,0.53964366,16,1
143,0.534518986,16,2
191,0.53655792,16,4
215,0.521928653,16,2
280,0.536426219,16,3
387,0.534444179,16,5
391,0.523932896,16,5
540,0.514444584,16,6
548,0.533938863,16,8
785,0.514837208,16,9
63,0.513663432,16,1
152,0.537569417,16,5
178,0.526635227,16,1
213,0.501477045,16,2
437,0.513994761,16,6
439,0.54449803,16,3
523,0.507882311,16,10
632,0.537607055,16,10
683,0.530939556,16,10
715,0.503204274,16,8
733,0.522120113,16,10
33,0.513887529,16,1
48,0.526074501,16,2
288,0.537292619,16,5
478,0.548268413,16,5
541,0.508471452,16,6
601,0.523319228,16,7
654,0.526043252,16,10
663,0.512278184,16,7
680,0.529039815,16,10
704,0.521306361,16,9
89,0.531235442,16,1
359,0.504747361,16,6
383,0.503037251,16,4
424,0.51660238,16,6
430,0.523388447,16,8
476,0.52930609,16,9
757,0.520081875,16,9
172,0.528045989,16,2
190,0.520129888,16,2
254,0.522682159,16,7
339,0.535126465,16,3
388,0.538796062,16,3
492,0.547668791,16,9
539,0.531484991,16,5
600,0.523093474,16,9
676,0.525997713,16,10
731,0.527049743,16,9
49,0.528740544,16,2
78,0.527090895,16,3
139,0.530583623,16,1
141,0.547755462,16,3
211,0.502843041,16,5
226,0.514511954,16,2
243,0.522496758,16,5
278,0.549155626,16,1
333,0.522481584,16,4
380,0.52329251,16,6
407,0.506219747,16,8
452,0.50698957,16,6
636,0.53027005,16,8
684,0.546712423,16,10
93,0.516380308,16,4
177,0.520856013,16,3
180,0.532496643,16,1
508,0.543955732,16,9
562,0.535481568,16,10
642,0.525820997,16,9
750,0.502392193,16,10
230,0.536088698,16,2
244,0.508002667,16,2
400,0.548957749,16,7
602,0.517553232,16,9
667,0.5498055,16,6
729,0.510487593,16,10
784,0.549090407,16,9
110,0.542808795,16,2
115,0.536273283,16,5
116,0.538189275,16,3
120,0.500688132,16,2
133,0.513219711,16,3
182,0.538595132,16,2
310,0.525750694,16,4
327,0.511306936,16,6
448,0.522387757,16,6
453,0.536340212,16,7
694,0.504209514,16,9
113,0.529668202,16,3
221,0.51211674,16,5
291,0.500178499,16,5
534,0.510710793,16,9
740,0.534683805,16,10
775,0.536623088,16,10
32,0.524602115,16,4
173,0.524780153,16,1
315,0.535773236,16,2
701,0.541714713,16,9
742,0.540951505,16,10
58,0.547971049,16,1
142,0.541156327,16,2
326,0.533761511,16,6
522,0.515569226,16,9
606,0.534815767,16,10
713,0.525637553,16,9
745,0.511939331,16,10
47,0.50999315,16,2
269,0.512145669,16,5
317,0.542853638,16,4
328,0.505216113,16,3
466,0.540266406,16,9
493,0.538985208,16,6
612,0.540947048,16,9
711,0.543032693,16,9
43,0.534478456,16,2
318,0.535890568,16,1
358,0.533862325,16,6
396,0.545862736,16,5
609,0.541386024,16,7
620,0.52271026,16,7
792,0.518731942,16,8
250,0.525892512,16,4
292,0.531051825,16,5
293,0.526660148,16,5
313,0.502914896,16,3
392,0.537348576,16,7
501,0.525770642,16,7
533,0.537074007,16,6
662,0.507884353,16,9
105,0.542145518,16,1
403,0.54019692,16,8
408,0.54398323,16,7
530,0.513219803,16,6
580,0.542222163,16,7
599,0.54070596,16,9
758,0.545552462,16,10
252,0.546962483,16,4
658,0.532244855,16,10
42,0.514735074,16,3
176,0.543695692,16,1
259,0.507535412,16,1
764,0.5427743,16,10
251,0.51911753,16,5
467,0.507297754,16,7
469,0.540995979,16,8
638,0.520820442,16,10
793,0.541650335,16,8
297,0.539646775,16,5
332,0.515170734,16,3
434,0.50416668,16,5
462,0.530834514,16,9
431,0.525697747,16,7
261,0.513837734,16,2
300,0.516441314,16,6
475,0.541655342,16,9
535,0.511668755,16,6
610,0.503229983,16,8
81,0.505130558,16,1
398,0.504735168,16,3
324,0.507033201,16,6
611,0.536589166,16,10
741,0.52423769,16,10
79,0.525922783,16,3
119,0.532562789,16,1
320,0.50904693,16,1
746,0.530356184,16,10
46,0.505926886,16,2
322,0.545035706,16,6
571,0.50461572,16,9
52,0.538589768,16,1
390,0.541350589,16,2
395,0.515276311,16,3
536,0.501867253,16,8
608,0.527819406,16,10
749,0.501956983,16,10
399,0.521873265,16,7
461,0.538410509,16,5
256,0.544405024,16,3
481,0.535605063,16,9
185,0.535160932,16,5
361,0.543282228,16,4
325,0.505601808,16,2
151,0.546832371,16,1
186,0.539231765,16,6
131,0.509559539,16,2
148,0.517940844,16,1
262,0.548482767,16,7
309,0.521649927,16,7
726,0.520158268,16,10
346,0.529802311,16,2
272,0.545471193,16,1
689,0.545092928,16,7
781,0.545614309,16,8
22,0.542134783,16,2
558,0.507202518,16,4
207,0.503135615,16,2
767,0.507453085,16,7
173,0.530191328,16,5
545,0.547180117,16,10
193,0.50820831,16,6
195,0.54927095,16,6
276,0.523508558,16,1
656,0.509217085,16,9
64,0.538256374,16,2
69,0.504500063,16,2
312,0.522252817,16,7
523,0.54087405,16,9
275,0.500536512,16,5
622,0.538897153,16,5
336,0.538317464,16,8
442,0.51073361,16,6
543,0.506351184,16,9
306,0.522706075,16,5
359,0.517949318,16,7
372,0.50672159,16,5
136,0.517390646,16,1
594,0.514911989,16,7
9,0.537762245,16,3
79,0.518321556,16,4
29,0.525775071,16,3
302,0.544330523,16,6
739,0.512879391,16,6
80,0.524300308,16,3
292,0.509552716,16,8
485,0.540026244,16,5
626,0.506426554,16,6
651,0.537240548,16,7
1,0.532598718,16,4
311,0.509210808,16,5
371,0.535272165,16,3
429,0.520111787,16,8
245,0.519584307,16,2
246,0.538997635,16,5
596,0.500192258,16,5
716,0.542468302,16,9
15,0.521431405,16,3
70,0.520774546,16,3
232,0.536253517,16,3
249,0.53656774,16,3
264,0.506633684,16,7
282,0.511709587,16,7
389,0.50708688,16,1
406,0.51709969,16,9
484,0.506160117,16,8
512,0.510206724,16,7
566,0.548005614,16,4
611,0.504351625,16,7
162,0.504656113,16,2
197,0.52225594,16,7
225,0.503879743,16,6
267,0.549852963,16,4
416,0.544113483,16,2
549,0.514175542,16,7
586,0.521398749,16,9
620,0.518262313,16,6
724,0.505089339,16,8
11,0.510036823,16,1
42,0.549120367,16,4
91,0.540828624,16,3
92,0.516347732,16,2
266,0.517448441,16,7
565,0.534322054,16,9
582,0.548079925,16,9
98,0.524170388,16,1
241,0.511897166,16,4
403,0.504766582,16,7
511,0.530021501,16,7
556,0.531562413,16,4
2,0.525557191,16,3
2,0.525557191,16,4
99,0.515941684,16,5
127,0.514616229,16,4
206,0.543831913,16,1
220,0.526731306,16,5
297,0.517001692,16,6
317,0.505719774,16,5
388,0.511231917,16,1
486,0.529463949,16,3
718,0.518302785,16,8
792,0.50870199,16,7
133,0.536427314,16,2
352,0.527734529,16,7
405,0.545144577,16,9
425,0.515244697,16,5
514,0.514370437,16,9
515,0.53796853,16,8
655,0.535055861,16,10
759,0.52558861,16,8
766,0.521096896,16,7
21,0.525935396,16,1
77,0.52593592,16,2
103,0.542264497,16,5
252,0.542939264,16,4
270,0.5160146,16,1
339,0.523189323,16,3
340,0.537114294,16,2
385,0.521498544,16,1
391,0.544084344,16,3
551,0.516865902,16,10
589,0.541756365,16,10
14,0.509066455,16,2
211,0.549223917,16,2
287,0.538212061,16,5
459,0.504922466,16,2
459,0.504922466,16,3
475,0.532113761,16,8
650,0.530935503,16,6
698,0.52034342,16,7
773,0.520221116,16,10
7,0.526422311,16,3
20,0.510066614,16,4
27,0.532470236,16,2
35,0.526815206,16,3
61,0.523493351,16,3
87,0.520163544,16,4
149,0.514100164,16,5
214,0.520520518,16,5
441,0.503650752,16,6
476,0.531298998,16,8
496,0.510702744,16,4
508,0.513019983,16,8
557,0.507151731,16,4
693,0.528619673,16,9
5,0.533675488,16,1
67,0.507234631,16,2
384,0.513655341,16,2
636,0.512731436,16,6
776,0.543990954,16,7
786,0.536095653,16,8
160,0.511070419,16,6
238,0.503924474,16,6
445,0.539417284,16,8
570,0.535527406,16,10
131,0.534497861,16,5
145,0.528514032,16,1
165,0.535999026,16,3
210,0.525642752,16,2
265,0.523990157,16,8
353,0.520069246,16,4
408,0.532062779,16,5
422,0.519881098,16,8
524,0.516136612,16,6
579,0.508976773,16,8
652,0.529816738,16,10
665,0.513085937,16,6
700,0.528444812,16,5
706,0.543243359,16,6
73,0.506275374,16,1
196,0.54787126,16,6
205,0.536562855,16,1
239,0.537691352,16,6
350,0.527543183,16,1
415,0.538539004,16,5
488,0.505766772,16,3
509,0.518339018,16,8
513,0.504086548,16,7
513,0.504086548,16,8
578,0.508379021,16,8
604,0.536249973,16,10
645,0.50242889,16,10
126,0.503512301,16,5
164,0.54335428,16,4
164,0.54335428,16,5
212,0.549122531,16,5
290,0.527966503,16,6
305,0.511687369,16,7
330,0.536265206,16,7
380,0.54084876,16,3
518,0.508977036,16,6
529,0.501909019,16,5
707,0.526916788,16,7
55,0.526411212,16,4
169,0.51741348,16,4
253,0.521714674,16,5
281,0.532841184,16,3
301,0.504680317,16,4
310,0.531498991,16,2
369,0.542588785,16,4
379,0.541211616,16,7
410,0.502282395,16,4
455,0.514939014,16,4
477,0.513327316,16,10
577,0.519069028,16,9
584,0.517284977,16,10
616,0.512628357,16,9
790,0.505627381,16,9
31,0.524748931,16,2
65,0.532115948,16,2
66,0.508508781,16,1
166,0.547919447,16,2
370,0.528912495,16,6
412,0.523425146,16,8
472,0.534604878,16,4
480,0.542596278,16,4
482,0.532002075,16,3
731,0.505446688,16,10
768,0.523625394,16,8
123,0.515811524,16,5
257,0.537988456,16,4
347,0.549421032,16,5
351,0.503359438,16,6
564,0.54484123,16,6
628,0.531199264,16,8
18,0.51920085,16,1
44,0.517039204,16,4
56,0.536117375,16,4
62,0.534019745,16,1
121,0.529303965,16,1
142,0.510903472,16,2
234,0.527182897,16,5
235,0.534946379,16,4
261,0.543728746,16,4
277,0.520198468,16,4
435,0.521726112,16,7
510,0.525845706,16,6
525,0.539228316,16,8
635,0.533769904,16,10
669,0.539576982,16,7
722,0.542084184,16,9
725,0.542389533,16,8
730,0.502134468,16,10
734,0.503269463,16,8
104,0.523791329,16,3
154,0.524743078,16,1
167,0.508005136,16,4
194,0.525046027,16,5
202,0.525986986,16,3
348,0.504351119,16,1
392,0.53277702,16,5
448,0.540731024,16,7
449,0.511512661,16,8
460,0.521499005,16,2
491,0.531035065,16,5
547,0.529630493,16,9
595,0.547280759,16,7
602,0.526320611,16,6
623,0.507935475,16,8
774,0.504309467,16,10
26,0.545182633,16,2
45,0.515794788,16,2
52,0.50969849,16,2
57,0.50031686,16,4
170,0.513183748,16,3
171,0.502790407,16,5
213,0.523502651,16,1
217,0.511818159,16,3
432,0.51577022,16,9
440,0.537556576,16,3
458,0.509361841,16,3
483,0.50356041,16,5
555,0.546276977,16,6
670,0.546323146,16,5
728,0.524699484,16,9
771,0.518100609,16,9
775,0.510656735,16,9
788,0.507958524,16,7
789,0.541165,16,9
24,0.500251569,16,2
75,0.540743113,16,1
82,0.519924085,16,3
88,0.526296393,16,2
124,0.544473581,16,3
156,0.533436425,16,3
221,0.541597602,16,5
286,0.500623061,16,3
504,0.534342583,16,4
562,0.512407753,16,9
568,0.538063185,16,8
649,0.549464615,16,10
717,0.54422756,16,9
738,0.537212905,16,6
738,0.537212905,16,7
94,0.544858399,16,4
176,0.54627408,16,1
179,0.511412032,16,2
200,0.515661321,16,2
280,0.52754156,16,1
303,0.546293084,16,7
349,0.500362532,16,2
366,0.503569244,16,5
402,0.536406788,16,3
443,0.530909051,16,8
473,0.52149826,16,6
537,0.52517631,16,8
581,0.51015633,16,7
585,0.52992435,16,10
591,0.520390401,16,9
666,0.534425598,16,10
691,0.54604992,16,9
37,0.547401533,16,1
296,0.509212952,16,6
308,0.536464836,16,3
323,0.505944536,16,7
407,0.535575895,16,9
437,0.546743175,16,9
502,0.522125245,16,10
553,0.537023316,16,5
625,0.543342731,16,7
629,0.505701714,16,6
732,0.518633372,16,10
785,0.532011873,16,8
3,0.531232073,16,1
231,0.532739995,16,4
250,0.53923778,16,3
279,0.529598376,16,1
284,0.500835292,16,3
338,0.52997643,16,4
421,0.501638933,16,6
439,0.519020051,16,9
522,0.530939036,16,7
522,0.530939036,16,8
560,0.511947964,16,6
598,0.520330586,16,6
618,0.507195462,16,8
654,0.547110597,16,10
697,0.529031034,16,8
787,0.5375259,16,10
8,0.534608526,16,2
59,0.506910476,16,2
161,0.505760842,16,3
219,0.501470215,16,4
244,0.546763932,16,2
365,0.542443445,16,7
413,0.542181437,16,4
418,0.505578884,16,2
456,0.527402255,16,6
492,0.54425311,16,5
587,0.532255944,16,7
590,0.508797118,16,7
664,0.50560799,16,7
703,0.512210391,16,8
721,0.533409063,16,8
723,0.53641741,16,9
134,0.501487181,16,1
138,0.539181682,16,1
172,0.542353271,16,1
240,0.501785202,16,2
300,0.546699859,16,3
300,0.546699859,16,4
331,0.541470641,16,6
386,0.54234761,16,7
479,0.530760889,16,5
552,0.513223978,16,9
637,0.52832864,16,6
646,0.506628628,16,10
660,0.521929346,16,6
684,0.544279342,16,9
686,0.522005632,16,10
696,0.504545634,16,7
765,0.507013821,16,10
782,0.533084429,16,9
34,0.520809506,16,3
54,0.533605676,16,2
83,0.538304328,16,2
96,0.531952746,16,2
119,0.517727576,16,3
130,0.507818406,16,2
181,0.511885809,16,4
189,0.506647273,16,2
191,0.529290622,16,1
208,0.524678662,16,2
283,0.53191339,16,3
288,0.54517708,16,6
304,0.500027162,16,4
411,0.548031224,16,8
419,0.53315952,16,4
454,0.502040805,16,3
550,0.542849134,16,7
630,0.546688176,16,7
23,0.549243723,16,4
25,0.537691081,16,3
146,0.531663067,16,1
218,0.533678258,16,3
226,0.526071275,16,3
229,0.519249544,16,5
262,0.537395938,16,4
271,0.528444169,16,7
376,0.538517535,16,4
404,0.518663947,16,6
424,0.54777995,16,4
615,0.521893277,16,9
639,0.538974076,16,8
659,0.544493723,16,9
677,0.52085511,16,10
688,0.53779417,16,10
729,0.524970851,16,9
741,0.526978246,16,10
742,0.511699208,16,8
742,0.511699208,16,9
783,0.508661851,16,10
32,0.525374765,16,2
85,0.516942631,16,3
137,0.541954004,16,1
150,0.500649903,16,2
158,0.515733977,16,4
216,0.500213459,16,1
236,0.503676256,16,3
316,0.50474335,16,3
354,0.516855974,16,3
358,0.533081594,16,5
374,0.525191175,16,8
423,0.500355406,16,3
427,0.507818348,16,6
465,0.538844906,16,7
528,0.517857653,16,8
538,0.549975325,16,5
583,0.540816526,16,9
640,0.502322026,16,7
640,0.502322026,16,8
701,0.5082015,16,9
708,0.534939465,16,10
709,0.54600682,16,10
43,0.512352351,16,2
68,0.502424011,16,2
72,0.538577924,16,3
254,0.541238218,16,2
299,0.512794175,16,3
337,0.511581103,16,8
383,0.536796658,16,7
478,0.518792337,16,5
493,0.540244591,16,8
503,0.503443163,16,6
521,0.514498127,16,10
526,0.534903899,16,9
559,0.527779654,16,4
563,0.500043908,16,6
569,0.512247548,16,10
601,0.527007869,16,9
633,0.531309971,16,10
754,0.54799013,16,8
755,0.501844898,16,8
772,0.506028598,16,10
12,0.548434019,16,2
74,0.530587514,16,1
95,0.51103614,16,5
209,0.529147882,16,1
228,0.543316897,16,5
360,0.504434563,16,6
417,0.547436953,16,3
489,0.507802083,16,5
539,0.526743032,16,10
546,0.505704381,16,9
592,0.510372494,16,10
599,0.529923965,16,4
610,0.509094515,16,8
675,0.528928148,16,9
675,0.528928148,16,10
682,0.534229505,16,9
692,0.503935009,16,9
695,0.531620478,16,9
702,0.52632017,16,9
712,0.524527678,16,9
33,0.532188537,16,4
101,0.534043886,16,1
159,0.528508299,16,1
233,0.546139913,16,6
315,0.506942594,16,3
333,0.539747278,16,6
334,0.508158903,16,6
362,0.533086751,16,5
363,0.508589868,16,5
398,0.511627416,16,6
409,0.511198161,16,4
452,0.539904553,16,6
474,0.530939737,16,5
519,0.547217262,16,8
631,0.518424056,16,9
672,0.526595176,16,9
769,0.527721645,16,6
36,0.547801128,16,1
63,0.51369248,16,1
63,0.51369248,16,2
184,0.521773784,16,3
215,0.507575044,16,1
295,0.508311234,16,7
314,0.529668738,16,3
318,0.508615875,16,3
355,0.538343016,16,4
378,0.501835378,16,7
381,0.528241437,16,6
436,0.533251519,16,6
463,0.525327343,16,5
487,0.535681911,16,6
619,0.514828416,16,9
638,0.505300595,16,9
674,0.534289633,16,6
710,0.503999849,16,9
763,0.519080211,16,10
30,0.527335224,16,1
106,0.522039283,16,1
285,0.523620896,16,3
400,0.511418694,16,7
426,0.536970041,16,4
428,0.514134208,16,7
453,0.511605938,16,7
541,0.50787985,16,6
658,0.510116473,16,9
661,0.533081186,16,8
678,0.515726437,16,9
715,0.515823778,16,9
719,0.528510224,16,7
16,0.548909664,16,1
60,0.506126717,16,2
71,0.514697216,16,2
71,0.514697216,16,3
129,0.508555442,16,1
188,0.547905089,16,3
273,0.529265043,16,4
345,0.531175717,16,5
444,0.526648494,16,9
597,0.50887147,16,6
662,0.505834667,16,9
760,0.524835695,16,7
780,0.539426896,16,10
6,0.508721057,16,1
13,0.52509873,16,2
78,0.54884418,16,2
102,0.515751226,16,3
135,0.510933643,16,1
139,0.547299676,16,2
144,0.515930019,16,2
168,0.541178485,16,2
248,0.549403463,16,2
248,0.549403463,16,3
263,0.528895994,16,6
269,0.511119947,16,2
298,0.543904436,16,4
328,0.525334315,16,1
328,0.525334315,16,2
430,0.507768425,16,5
438,0.505311844,16,7
464,0.530549451,16,9
752,0.527290649,16,8
777,0.501047857,16,8
86,0.513443407,16,5
140,0.500345055,16,2
183,0.501141192,16,2
344,0.535828084,16,4
393,0.545681563,16,5
433,0.508166726,16,7
467,0.507298557,16,9
497,0.542302074,16,8
653,0.541039365,16,10
751,0.529928519,16,8
58,0.504529567,16,2
108,0.519167942,16,2
120,0.535138774,16,2
125,0.520994297,16,5
155,0.512477102,16,4
157,0.53249299,16,3
175,0.506100616,16,2
185,0.53240398,16,4
307,0.530678157,16,2
357,0.512479974,16,4
375,0.509944054,16,9
447,0.504060444,16,5
505,0.512200499,16,9
516,0.503070765,16,7
531,0.517116738,16,7
575,0.507156806,16,10
580,0.543671251,16,8
632,0.545029963,16,8
685,0.54194444,16,9
720,0.543754488,16,9
113,0.53365746,16,4
128,0.504052885,16,1
237,0.507315991,16,3
243,0.514718222,16,3
319,0.52038117,16,4
387,0.530897628,16,5
495,0.507203022,16,5
499,0.53181885,16,7
500,0.509623838,16,4
506,0.523427426,16,8
573,0.518984267,16,9
617,0.500934944,16,9
624,0.53937859,16,9
747,0.534344147,16,10
784,0.520114266,16,9
793,0.502646963,16,7
4,0.515103643,16,1
19,0.524879032,16,2
41,0.539576321,16,2
51,0.519374641,16,2
100,0.522913351,16,1
163,0.541017579,16,5
177,0.517435531,16,3
199,0.545771772,16,2
293,0.505693061,16,4
313,0.545556856,16,5
356,0.538533099,16,4
397,0.512601681,16,2
399,0.51472871,16,4
548,0.506997767,16,6
576,0.504504544,16,7
770,0.533875126,16,10
89,0.505503188,16,1
109,0.546891531,16,1
335,0.538133472,16,6
368,0.547584511,16,5
457,0.52574301,16,6
468,0.53396837,16,6
481,0.50796221,16,8
534,0.51962316,16,8
540,0.546713946,16,10
614,0.549500444,16,9
687,0.548953595,16,9
690,0.549995258,16,7
76,0.527987772,16,2
112,0.529548337,16,1
152,0.546062672,16,3
174,0.534253243,16,3
203,0.517914653,16,1
332,0.547485494,16,8
364,0.531053083,16,3
420,0.544724789,16,4
461,0.529228278,16,6
498,0.54433033,16,5
554,0.531105964,16,8
607,0.50740834,16,7
673,0.536993503,16,9
705,0.538105073,16,8
727,0.518775149,16,9
779,0.532116142,16,9
39,0.513988887,16,2
93,0.510049174,16,2
148,0.547730316,16,2
182,0.524567454,16,1
259,0.50426411,16,2
324,0.534911796,16,5
341,0.533112284,16,7
342,0.515630636,16,4
373,0.542772273,16,8
446,0.536783963,16,6
451,0.526256277,16,6
507,0.512414574,16,7
50,0.546770919,16,3
122,0.506105326,16,2
223,0.530102084,16,3
395,0.522254352,16,5
501,0.521361979,16,6
520,0.504039794,16,7
542,0.522770065,16,8
40,0.541637019,16,1
49,0.546391934,16,2
105,0.506367152,16,2
114,0.53876378,16,3
114,0.53876378,16,4
117,0.536065138,16,2
278,0.528675478,16,1
325,0.518969798,16,2
377,0.522385037,16,5
567,0.548123786,16,8
588,0.517686637,16,9
621,0.507080772,16,9
643,0.516614216,16,10
28,0.547118301,16,1
118,0.520889144,16,1
190,0.53308688,16,5
224,0.526556436,16,4
322,0.520652275,16,5
450,0.512736408,16,8
469,0.50551544,16,7
532,0.510430126,16,8
603,0.53774783,16,7
603,0.53774783,16,8
613,0.543295941,16,9
627,0.530335196,16,8
663,0.526027874,16,7
671,0.527808677,16,10
748,0.529729577,16,10
10,0.536614624,16,1
90,0.54364733,16,2
116,0.548941522,16,4
178,0.522627933,16,2
187,0.541824411,16,3
227,0.534223348,16,4
256,0.500429197,16,1
490,0.531545893,16,6
657,0.504900922,16,8
681,0.545578609,16,10
753,0.525483078,16,10
758,0.50233655,16,9
147,0.549026658,16,2
242,0.538644783,16,2
255,0.520694491,16,4
343,0.538465893,16,4
382,0.516018023,16,6
494,0.533463427,16,7
535,0.504441203,16,8
641,0.526692199,16,8
743,0.527216901,16,10
132,0.543298951,16,3
201,0.532982707,16,6
608,0.53032853,16,10
612,0.51946176,16,8
647,0.51870337,16,10
667,0.549037988,16,10
704,0.516906794,16,7
713,0.510339786,16,7
736,0.542930971,16,9
48,0.525467848,16,2
53,0.526718479,16,3
153,0.518884567,16,4
320,0.526105978,16,4
470,0.537847109,16,7
593,0.519208544,16,6
668,0.530656377,16,8
735,0.529074764,16,10
740,0.533076095,16,8
84,0.510805402,16,1
198,0.547619052,16,2
268,0.540672422,16,4
326,0.547061291,16,6
699,0.500291548,16,7
791,0.546681362,16,10
251,0.508187061,16,3
260,0.501954412,16,3
737,0.526339459,16,9
746,0.506158224,16,10
17,0.500262026,16,1
111,0.532523654,16,3
115,0.524507031,16,1
141,0.525638001,16,1
367,0.545384311,16,8
462,0.508614807,16,6
605,0.523360176,16,6
644,0.505453327,16,10
694,0.518077493,16,10
38,0.509547544,16,1
230,0.528312773,16,3
289,0.540997046,16,4
390,0.52590601,16,6
606,0.5113383,16,6
683,0.530822365,16,10
733,0.522073361,16,9
745,0.511965742,16,9
756,0.531778945,16,10
97,0.516350596,16,3
110,0.500328193,16,3
180,0.530526044,16,1
222,0.528623898,16,4
327,0.507089628,16,2
434,0.50799845,16,8
572,0.529771466,16,10
634,0.529609086,16,8
143,0.528189072,16,1
294,0.52618326,16,4
561,0.541954374,16,8
609,0.521077193,16,8
714,0.532946815,16,8
750,0.541566474,16,8
258,0.528497338,16,2
321,0.5385386,16,3
600,0.500360816,16,8
761,0.532224913,16,10
764,0.516274102,16,10
81,0.508589476,16,2
530,0.506081211,16,8
401,0.5105252,16,5
544,0.547893982,16,7
648,0.53755372,16,10
679,0.52429113,16,10
749,0.548586441,16,9
47,0.513127066,16,3
329,0.548212098,16,4
471,0.53180928,16,9
517,0.541703618,16,6
757,0.514344079,16,9
204,0.523985995,16,4
274,0.508023173,16,3
414,0.509377072,16,6
680,0.534759015,16,10
107,0.521766521,16,1
527,0.544556096,16,6
574,0.511946523,16,8
642,0.543161938,16,9
744,0.528885573,16,9
247,0.547690981,16,2
396,0.514367827,16,9
291,0.546123873,16,4
394,0.542993327,16,6
151,0.534317105,16,4
762,0.509138803,16,9
778,0.505802944,16,10
46,0.510163057,16,4
186,0.509801447,16,3
431,0.535091799,16,7
466,0.511135242,16,8
361,0.510596276,16,6
533,0.534156759,16,8
192,0.546125992,16,5
676,0.512190524,16,10
536,0.52579388,16,7
711,0.536936731,16,10
